filename,label,x,y,width,height,path
00000.jpg,A,93,192,58,47,A.class/00000.jpg
00000.jpg,A,214,110,104,129,A.class/00000.jpg
00000.jpg,A,0,153,40,85,A.class/00000.jpg
00001.jpg,A,82,90,165,149,A.class/00001.jpg
00002.jpg,A,107,39,170,199,A.class/00002.jpg
00007.jpg,A,105,43,173,196,A.class/00007.jpg
00008.jpg,A,104,46,172,192,A.class/00008.jpg
00017.jpg,A,93,50,164,189,A.class/00017.jpg
00023.jpg,A,84,52,163,187,A.class/00023.jpg
00033.jpg,A,89,49,168,190,A.class/00033.jpg
00035.jpg,A,87,52,167,187,A.class/00035.jpg
00038.jpg,A,83,55,168,183,A.class/00038.jpg
00039.jpg,A,84,45,172,194,A.class/00039.jpg
00058.jpg,A,66,48,158,188,A.class/00058.jpg
00059.jpg,A,65,51,158,188,A.class/00059.jpg
00060.jpg,A,62,54,157,185,A.class/00060.jpg
00065.jpg,A,81,47,169,190,A.class/00065.jpg
00069.jpg,A,93,82,180,157,A.class/00069.jpg
00071.jpg,A,106,38,190,201,A.class/00071.jpg
00073.jpg,A,106,32,192,207,A.class/00073.jpg
00076.jpg,A,109,43,182,196,A.class/00076.jpg
00078.jpg,A,110,41,183,197,A.class/00078.jpg
00080.jpg,A,114,37,184,202,A.class/00080.jpg
00081.jpg,A,113,37,186,202,A.class/00081.jpg
00092.jpg,A,116,40,198,199,A.class/00092.jpg
00093.jpg,A,112,41,202,197,A.class/00093.jpg
00094.jpg,A,113,44,199,195,A.class/00094.jpg
00097.jpg,A,106,43,204,196,A.class/00097.jpg
00100.jpg,A,107,47,191,192,A.class/00100.jpg
00101.jpg,A,109,48,186,191,A.class/00101.jpg
00102.jpg,A,105,51,178,188,A.class/00102.jpg
00103.jpg,A,96,54,174,185,A.class/00103.jpg
00104.jpg,A,94,58,172,180,A.class/00104.jpg
00105.jpg,A,90,64,170,175,A.class/00105.jpg
00106.jpg,A,90,66,169,173,A.class/00106.jpg
00107.jpg,A,90,66,167,173,A.class/00107.jpg
00006.jpg,B,144,31,99,207,B.class/00006.jpg
00012.jpg,B,144,38,100,201,B.class/00012.jpg
00013.jpg,B,145,37,101,202,B.class/00013.jpg
00037.jpg,B,123,28,97,210,B.class/00037.jpg
00040.jpg,B,119,33,103,206,B.class/00040.jpg
00041.jpg,B,119,34,104,204,B.class/00041.jpg
00042.jpg,B,119,33,107,206,B.class/00042.jpg
00043.jpg,B,117,32,111,206,B.class/00043.jpg
00044.jpg,B,117,33,111,206,B.class/00044.jpg
00045.jpg,B,119,33,110,205,B.class/00045.jpg
00046.jpg,B,119,32,112,207,B.class/00046.jpg
00047.jpg,B,119,33,112,206,B.class/00047.jpg
00048.jpg,B,115,34,117,204,B.class/00048.jpg
00049.jpg,B,112,36,120,202,B.class/00049.jpg
00050.jpg,B,114,37,122,202,B.class/00050.jpg
00051.jpg,B,115,37,120,202,B.class/00051.jpg
00052.jpg,B,123,37,114,202,B.class/00052.jpg
00062.jpg,B,150,37,100,202,B.class/00062.jpg
00063.jpg,B,151,37,99,202,B.class/00063.jpg
00064.jpg,B,153,36,101,203,B.class/00064.jpg
00066.jpg,B,157,31,101,208,B.class/00066.jpg
00079.jpg,B,149,34,107,205,B.class/00079.jpg
00083.jpg,B,160,18,109,221,B.class/00083.jpg
00083.jpg,B,160,84,108,155,B.class/00083.jpg
00085.jpg,B,162,24,110,215,B.class/00085.jpg
00089.jpg,B,158,13,113,226,B.class/00089.jpg
00099.jpg,B,183,21,124,218,B.class/00099.jpg
00103.jpg,B,174,10,123,228,B.class/00103.jpg
00104.jpg,B,172,9,123,230,B.class/00104.jpg
00105.jpg,B,169,6,122,233,B.class/00105.jpg
00002.jpg,C,131,69,129,169,C.class/00002.jpg
00003.jpg,C,130,69,130,170,C.class/00003.jpg
00006.jpg,C,132,72,128,166,C.class/00006.jpg
00007.jpg,C,131,74,130,164,C.class/00007.jpg
00012.jpg,C,136,72,126,166,C.class/00012.jpg
00014.jpg,C,139,68,125,170,C.class/00014.jpg
00017.jpg,C,140,67,124,172,C.class/00017.jpg
00018.jpg,C,138,69,127,169,C.class/00018.jpg
00019.jpg,C,139,74,125,165,C.class/00019.jpg
00020.jpg,C,139,73,124,165,C.class/00020.jpg
00021.jpg,C,139,75,124,164,C.class/00021.jpg
00022.jpg,C,139,75,124,163,C.class/00022.jpg
00023.jpg,C,140,74,124,164,C.class/00023.jpg
00024.jpg,C,140,74,125,165,C.class/00024.jpg
00025.jpg,C,141,74,127,165,C.class/00025.jpg
00026.jpg,C,140,75,132,164,C.class/00026.jpg
00027.jpg,C,140,76,136,162,C.class/00027.jpg
00028.jpg,C,141,76,132,163,C.class/00028.jpg
00029.jpg,C,142,76,139,163,C.class/00029.jpg
00030.jpg,C,142,75,138,164,C.class/00030.jpg
00031.jpg,C,145,74,139,164,C.class/00031.jpg
00032.jpg,C,143,74,141,164,C.class/00032.jpg
00033.jpg,C,144,69,141,169,C.class/00033.jpg
00034.jpg,C,143,68,140,171,C.class/00034.jpg
00035.jpg,C,144,66,139,172,C.class/00035.jpg
00036.jpg,C,144,65,140,173,C.class/00036.jpg
00037.jpg,C,143,64,137,174,C.class/00037.jpg
00038.jpg,C,140,66,144,172,C.class/00038.jpg
00039.jpg,C,139,68,145,170,C.class/00039.jpg
00040.jpg,C,139,70,145,168,C.class/00040.jpg
00041.jpg,C,138,72,146,166,C.class/00041.jpg
00042.jpg,C,134,69,149,168,C.class/00042.jpg
00043.jpg,C,138,66,145,172,C.class/00043.jpg
00044.jpg,C,135,71,148,166,C.class/00044.jpg
00045.jpg,C,135,72,148,165,C.class/00045.jpg
00046.jpg,C,139,68,146,170,C.class/00046.jpg
00048.jpg,C,138,70,145,169,C.class/00048.jpg
00049.jpg,C,139,66,147,173,C.class/00049.jpg
00050.jpg,C,145,64,143,174,C.class/00050.jpg
00051.jpg,C,144,66,148,172,C.class/00051.jpg
00052.jpg,C,143,71,140,168,C.class/00052.jpg
00053.jpg,C,143,70,145,169,C.class/00053.jpg
00054.jpg,C,143,72,146,166,C.class/00054.jpg
00055.jpg,C,143,73,143,166,C.class/00055.jpg
00056.jpg,C,144,69,145,169,C.class/00056.jpg
00057.jpg,C,145,69,144,170,C.class/00057.jpg
00058.jpg,C,146,69,143,169,C.class/00058.jpg
00059.jpg,C,144,69,145,169,C.class/00059.jpg
00060.jpg,C,144,72,145,166,C.class/00060.jpg
00061.jpg,C,144,72,145,166,C.class/00061.jpg
00062.jpg,C,143,74,145,164,C.class/00062.jpg
00064.jpg,C,143,74,146,164,C.class/00064.jpg
00065.jpg,C,140,79,146,159,C.class/00065.jpg
00066.jpg,C,140,80,146,158,C.class/00066.jpg
00068.jpg,C,141,81,147,157,C.class/00068.jpg
00069.jpg,C,141,79,146,160,C.class/00069.jpg
00071.jpg,C,144,79,145,159,C.class/00071.jpg
00073.jpg,C,147,74,142,165,C.class/00073.jpg
00074.jpg,C,148,74,143,165,C.class/00074.jpg
00075.jpg,C,150,73,141,165,C.class/00075.jpg
00076.jpg,C,153,71,139,168,C.class/00076.jpg
00077.jpg,C,155,70,139,168,C.class/00077.jpg
00078.jpg,C,156,69,139,169,C.class/00078.jpg
00079.jpg,C,157,66,139,172,C.class/00079.jpg
00080.jpg,C,156,68,139,170,C.class/00080.jpg
00081.jpg,C,156,67,138,171,C.class/00081.jpg
00082.jpg,C,157,67,137,171,C.class/00082.jpg
00083.jpg,C,155,68,139,170,C.class/00083.jpg
00084.jpg,C,153,68,139,170,C.class/00084.jpg
00085.jpg,C,145,71,145,167,C.class/00085.jpg
00086.jpg,C,141,73,146,165,C.class/00086.jpg
00087.jpg,C,135,72,149,166,C.class/00087.jpg
00088.jpg,C,127,73,155,165,C.class/00088.jpg
00090.jpg,C,124,67,158,171,C.class/00090.jpg
00091.jpg,C,120,66,160,172,C.class/00091.jpg
00092.jpg,C,118,65,162,173,C.class/00092.jpg
00093.jpg,C,118,63,163,176,C.class/00093.jpg
00094.jpg,C,115,59,163,179,C.class/00094.jpg
00095.jpg,C,114,57,167,180,C.class/00095.jpg
00096.jpg,C,113,57,167,182,C.class/00096.jpg
00097.jpg,C,112,57,167,181,C.class/00097.jpg
00098.jpg,C,112,58,167,181,C.class/00098.jpg
00099.jpg,C,115,65,165,173,C.class/00099.jpg
00100.jpg,C,115,70,168,168,C.class/00100.jpg
00101.jpg,C,118,69,164,170,C.class/00101.jpg
00102.jpg,C,120,65,162,173,C.class/00102.jpg
00103.jpg,C,126,63,157,176,C.class/00103.jpg
00000.jpg,D,107,29,212,210,D.class/00000.jpg
00001.jpg,D,104,35,212,204,D.class/00001.jpg
00002.jpg,D,104,34,214,205,D.class/00002.jpg
00003.jpg,D,100,35,215,204,D.class/00003.jpg
00004.jpg,D,100,36,216,203,D.class/00004.jpg
00005.jpg,D,98,37,219,201,D.class/00005.jpg
00006.jpg,D,98,39,219,200,D.class/00006.jpg
00007.jpg,D,98,38,220,200,D.class/00007.jpg
00008.jpg,D,97,40,221,198,D.class/00008.jpg
00009.jpg,D,96,41,220,198,D.class/00009.jpg
00010.jpg,D,94,42,225,197,D.class/00010.jpg
00011.jpg,D,95,43,224,196,D.class/00011.jpg
00012.jpg,D,95,43,223,196,D.class/00012.jpg
00013.jpg,D,94,46,225,193,D.class/00013.jpg
00014.jpg,D,92,48,224,190,D.class/00014.jpg
00015.jpg,D,92,49,226,190,D.class/00015.jpg
00016.jpg,D,89,50,229,189,D.class/00016.jpg
00017.jpg,D,87,50,231,188,D.class/00017.jpg
00018.jpg,D,88,50,230,188,D.class/00018.jpg
00019.jpg,D,88,51,230,188,D.class/00019.jpg
00020.jpg,D,87,52,230,187,D.class/00020.jpg
00021.jpg,D,88,52,230,187,D.class/00021.jpg
00022.jpg,D,87,52,231,187,D.class/00022.jpg
00023.jpg,D,86,50,228,189,D.class/00023.jpg
00024.jpg,D,88,46,230,192,D.class/00024.jpg
00025.jpg,D,91,48,227,191,D.class/00025.jpg
00026.jpg,D,94,51,223,188,D.class/00026.jpg
00027.jpg,D,96,54,222,185,D.class/00027.jpg
00028.jpg,D,95,55,221,184,D.class/00028.jpg
00029.jpg,D,95,56,219,183,D.class/00029.jpg
00030.jpg,D,97,55,216,184,D.class/00030.jpg
00031.jpg,D,97,54,221,184,D.class/00031.jpg
00032.jpg,D,96,52,223,187,D.class/00032.jpg
00033.jpg,D,96,52,222,187,D.class/00033.jpg
00034.jpg,D,97,47,218,192,D.class/00034.jpg
00035.jpg,D,99,46,217,193,D.class/00035.jpg
00036.jpg,D,100,44,214,195,D.class/00036.jpg
00037.jpg,D,100,45,216,194,D.class/00037.jpg
00038.jpg,D,100,51,215,188,D.class/00038.jpg
00039.jpg,D,96,56,220,183,D.class/00039.jpg
00040.jpg,D,94,59,223,180,D.class/00040.jpg
00041.jpg,D,97,63,221,176,D.class/00041.jpg
00042.jpg,D,97,65,221,174,D.class/00042.jpg
00043.jpg,D,96,62,219,177,D.class/00043.jpg
00044.jpg,D,96,58,222,181,D.class/00044.jpg
00045.jpg,D,95,47,223,192,D.class/00045.jpg
00046.jpg,D,93,43,225,196,D.class/00046.jpg
00047.jpg,D,88,42,230,197,D.class/00047.jpg
00048.jpg,D,83,41,235,198,D.class/00048.jpg
00049.jpg,D,79,38,239,201,D.class/00049.jpg
00050.jpg,D,77,41,241,198,D.class/00050.jpg
00051.jpg,D,79,42,239,197,D.class/00051.jpg
00052.jpg,D,75,42,242,197,D.class/00052.jpg
00053.jpg,D,77,42,241,197,D.class/00053.jpg
00054.jpg,D,74,42,244,197,D.class/00054.jpg
00055.jpg,D,73,43,246,196,D.class/00055.jpg
00056.jpg,D,73,47,243,191,D.class/00056.jpg
00057.jpg,D,73,49,244,190,D.class/00057.jpg
00058.jpg,D,72,50,244,188,D.class/00058.jpg
00059.jpg,D,70,56,242,183,D.class/00059.jpg
00060.jpg,D,73,57,241,182,D.class/00060.jpg
00061.jpg,D,74,58,240,181,D.class/00061.jpg
00062.jpg,D,75,58,239,181,D.class/00062.jpg
00063.jpg,D,76,59,239,180,D.class/00063.jpg
00064.jpg,D,77,60,239,179,D.class/00064.jpg
00065.jpg,D,74,59,240,180,D.class/00065.jpg
00066.jpg,D,72,54,241,185,D.class/00066.jpg
00067.jpg,D,71,54,243,185,D.class/00067.jpg
00068.jpg,D,69,57,245,182,D.class/00068.jpg
00069.jpg,D,70,59,243,180,D.class/00069.jpg
00070.jpg,D,72,59,238,180,D.class/00070.jpg
00071.jpg,D,72,63,240,176,D.class/00071.jpg
00072.jpg,D,73,64,240,174,D.class/00072.jpg
00073.jpg,D,73,66,242,173,D.class/00073.jpg
00074.jpg,D,75,68,241,170,D.class/00074.jpg
00075.jpg,D,75,68,236,171,D.class/00075.jpg
00076.jpg,D,76,66,240,172,D.class/00076.jpg
00077.jpg,D,77,63,240,175,D.class/00077.jpg
00078.jpg,D,78,57,238,182,D.class/00078.jpg
00079.jpg,D,80,51,238,188,D.class/00079.jpg
00080.jpg,D,83,48,231,191,D.class/00080.jpg
00081.jpg,D,81,46,236,192,D.class/00081.jpg
00082.jpg,D,78,49,234,190,D.class/00082.jpg
00083.jpg,D,74,51,243,188,D.class/00083.jpg
00084.jpg,D,74,53,241,186,D.class/00084.jpg
00085.jpg,D,73,53,244,186,D.class/00085.jpg
00086.jpg,D,73,56,242,183,D.class/00086.jpg
00087.jpg,D,75,55,241,184,D.class/00087.jpg
00088.jpg,D,75,57,238,182,D.class/00088.jpg
00089.jpg,D,75,57,241,182,D.class/00089.jpg
00090.jpg,D,75,58,239,181,D.class/00090.jpg
00091.jpg,D,76,58,239,181,D.class/00091.jpg
00092.jpg,D,79,58,235,181,D.class/00092.jpg
00093.jpg,D,78,58,232,181,D.class/00093.jpg
00094.jpg,D,75,55,235,184,D.class/00094.jpg
00095.jpg,D,73,57,237,182,D.class/00095.jpg
00096.jpg,D,73,58,235,181,D.class/00096.jpg
00097.jpg,D,78,59,232,179,D.class/00097.jpg
00098.jpg,D,70,59,233,180,D.class/00098.jpg
00099.jpg,D,68,60,246,179,D.class/00099.jpg
00100.jpg,D,67,62,245,177,D.class/00100.jpg
00101.jpg,D,66,65,247,174,D.class/00101.jpg
00102.jpg,D,66,69,243,170,D.class/00102.jpg
00103.jpg,D,72,62,241,177,D.class/00103.jpg
00104.jpg,D,74,58,240,181,D.class/00104.jpg
00105.jpg,D,74,57,240,181,D.class/00105.jpg
00000.jpg,E,121,112,86,127,E.class/00000.jpg
00001.jpg,E,120,111,86,127,E.class/00001.jpg
00002.jpg,E,119,113,86,126,E.class/00002.jpg
00003.jpg,E,119,113,85,126,E.class/00003.jpg
00004.jpg,E,119,112,85,127,E.class/00004.jpg
00005.jpg,E,119,111,85,128,E.class/00005.jpg
00006.jpg,E,119,110,86,129,E.class/00006.jpg
00007.jpg,E,120,106,87,133,E.class/00007.jpg
00008.jpg,E,119,104,89,135,E.class/00008.jpg
00009.jpg,E,118,101,89,138,E.class/00009.jpg
00010.jpg,E,116,100,91,139,E.class/00010.jpg
00011.jpg,E,115,100,92,139,E.class/00011.jpg
00012.jpg,E,115,99,91,140,E.class/00012.jpg
00013.jpg,E,115,98,91,141,E.class/00013.jpg
00014.jpg,E,116,99,91,140,E.class/00014.jpg
00015.jpg,E,116,100,90,139,E.class/00015.jpg
00016.jpg,E,115,101,91,137,E.class/00016.jpg
00017.jpg,E,114,102,91,137,E.class/00017.jpg
00018.jpg,E,114,104,91,135,E.class/00018.jpg
00019.jpg,E,111,105,92,134,E.class/00019.jpg
00021.jpg,E,112,106,90,133,E.class/00021.jpg
00022.jpg,E,112,105,91,133,E.class/00022.jpg
00023.jpg,E,112,104,91,135,E.class/00023.jpg
00024.jpg,E,114,103,92,136,E.class/00024.jpg
00025.jpg,E,113,103,89,135,E.class/00025.jpg
00026.jpg,E,112,104,90,135,E.class/00026.jpg
00027.jpg,E,112,105,90,134,E.class/00027.jpg
00028.jpg,E,113,104,90,135,E.class/00028.jpg
00029.jpg,E,113,103,91,136,E.class/00029.jpg
00030.jpg,E,114,102,92,137,E.class/00030.jpg
00031.jpg,E,114,101,93,137,E.class/00031.jpg
00032.jpg,E,117,100,92,139,E.class/00032.jpg
00033.jpg,E,116,100,94,139,E.class/00033.jpg
00034.jpg,E,118,101,93,138,E.class/00034.jpg
00035.jpg,E,120,101,92,138,E.class/00035.jpg
00036.jpg,E,122,98,95,141,E.class/00036.jpg
00037.jpg,E,127,98,92,141,E.class/00037.jpg
00038.jpg,E,128,100,91,139,E.class/00038.jpg
00039.jpg,E,129,100,90,139,E.class/00039.jpg
00040.jpg,E,128,98,92,141,E.class/00040.jpg
00041.jpg,E,126,98,94,141,E.class/00041.jpg
00042.jpg,E,126,98,94,141,E.class/00042.jpg
00043.jpg,E,128,98,91,141,E.class/00043.jpg
00096.jpg,E,139,62,98,176,E.class/00096.jpg
00097.jpg,E,140,63,98,175,E.class/00097.jpg
00102.jpg,E,148,66,102,172,E.class/00102.jpg
00000.jpg,F,142,78,128,161,F.class/00000.jpg
00001.jpg,F,140,81,131,158,F.class/00001.jpg
00002.jpg,F,143,77,132,162,F.class/00002.jpg
00003.jpg,F,145,74,130,165,F.class/00003.jpg
00004.jpg,F,148,78,130,161,F.class/00004.jpg
00005.jpg,F,148,68,132,171,F.class/00005.jpg
00006.jpg,F,148,63,133,176,F.class/00006.jpg
00007.jpg,F,148,66,135,173,F.class/00007.jpg
00008.jpg,F,147,53,134,185,F.class/00008.jpg
00009.jpg,F,144,52,133,186,F.class/00009.jpg
00010.jpg,F,141,58,132,180,F.class/00010.jpg
00011.jpg,F,139,60,130,179,F.class/00011.jpg
00012.jpg,F,138,58,129,181,F.class/00012.jpg
00013.jpg,F,137,60,128,179,F.class/00013.jpg
00014.jpg,F,137,63,126,176,F.class/00014.jpg
00015.jpg,F,133,62,127,177,F.class/00015.jpg
00016.jpg,F,131,62,125,177,F.class/00016.jpg
00017.jpg,F,129,63,125,175,F.class/00017.jpg
00018.jpg,F,126,64,125,175,F.class/00018.jpg
00019.jpg,F,123,64,126,175,F.class/00019.jpg
00020.jpg,F,117,64,127,175,F.class/00020.jpg
00021.jpg,F,115,64,126,175,F.class/00021.jpg
00022.jpg,F,111,65,126,174,F.class/00022.jpg
00023.jpg,F,107,64,127,175,F.class/00023.jpg
00025.jpg,F,107,57,129,182,F.class/00025.jpg
00028.jpg,F,107,50,132,188,F.class/00028.jpg
00029.jpg,F,108,46,131,192,F.class/00029.jpg
00032.jpg,F,105,48,133,190,F.class/00032.jpg
00033.jpg,F,106,50,133,189,F.class/00033.jpg
00034.jpg,F,106,47,133,191,F.class/00034.jpg
00035.jpg,F,106,45,133,193,F.class/00035.jpg
00036.jpg,F,106,44,133,195,F.class/00036.jpg
00038.jpg,F,103,46,135,193,F.class/00038.jpg
00040.jpg,F,105,45,133,193,F.class/00040.jpg
00042.jpg,F,106,43,135,195,F.class/00042.jpg
00043.jpg,F,108,43,137,196,F.class/00043.jpg
00044.jpg,F,108,43,137,195,F.class/00044.jpg
00045.jpg,F,109,41,137,197,F.class/00045.jpg
00046.jpg,F,107,43,139,196,F.class/00046.jpg
00047.jpg,F,106,42,140,196,F.class/00047.jpg
00048.jpg,F,106,43,144,196,F.class/00048.jpg
00049.jpg,F,107,43,143,195,F.class/00049.jpg
00050.jpg,F,110,42,139,197,F.class/00050.jpg
00051.jpg,F,111,38,136,201,F.class/00051.jpg
00052.jpg,F,112,41,138,198,F.class/00052.jpg
00053.jpg,F,113,38,137,200,F.class/00053.jpg
00054.jpg,F,113,39,138,200,F.class/00054.jpg
00055.jpg,F,113,39,139,200,F.class/00055.jpg
00056.jpg,F,112,41,140,198,F.class/00056.jpg
00057.jpg,F,111,42,139,197,F.class/00057.jpg
00058.jpg,F,111,43,136,195,F.class/00058.jpg
00059.jpg,F,110,40,136,199,F.class/00059.jpg
00060.jpg,F,110,41,137,198,F.class/00060.jpg
00061.jpg,F,109,41,139,198,F.class/00061.jpg
00062.jpg,F,108,40,141,199,F.class/00062.jpg
00063.jpg,F,110,41,141,198,F.class/00063.jpg
00064.jpg,F,111,41,141,197,F.class/00064.jpg
00065.jpg,F,113,40,142,199,F.class/00065.jpg
00066.jpg,F,114,36,142,203,F.class/00066.jpg
00067.jpg,F,114,33,142,205,F.class/00067.jpg
00068.jpg,F,113,33,143,206,F.class/00068.jpg
00069.jpg,F,114,33,143,205,F.class/00069.jpg
00070.jpg,F,114,35,142,204,F.class/00070.jpg
00071.jpg,F,113,36,143,203,F.class/00071.jpg
00072.jpg,F,113,35,143,204,F.class/00072.jpg
00073.jpg,F,112,35,144,204,F.class/00073.jpg
00074.jpg,F,112,40,144,199,F.class/00074.jpg
00075.jpg,F,111,39,143,200,F.class/00075.jpg
00076.jpg,F,111,39,144,199,F.class/00076.jpg
00077.jpg,F,112,40,144,199,F.class/00077.jpg
00078.jpg,F,113,39,144,200,F.class/00078.jpg
00079.jpg,F,113,35,144,204,F.class/00079.jpg
00080.jpg,F,114,33,146,206,F.class/00080.jpg
00081.jpg,F,113,33,147,205,F.class/00081.jpg
00082.jpg,F,114,33,148,206,F.class/00082.jpg
00083.jpg,F,114,33,149,206,F.class/00083.jpg
00084.jpg,F,114,34,149,204,F.class/00084.jpg
00085.jpg,F,114,33,149,205,F.class/00085.jpg
00086.jpg,F,113,36,148,202,F.class/00086.jpg
00087.jpg,F,114,37,148,201,F.class/00087.jpg
00088.jpg,F,115,39,148,200,F.class/00088.jpg
00089.jpg,F,114,34,149,204,F.class/00089.jpg
00090.jpg,F,114,33,146,205,F.class/00090.jpg
00091.jpg,F,113,33,147,206,F.class/00091.jpg
00092.jpg,F,114,33,146,206,F.class/00092.jpg
00093.jpg,F,106,31,151,208,F.class/00093.jpg
00094.jpg,F,98,31,159,208,F.class/00094.jpg
00095.jpg,F,95,34,161,204,F.class/00095.jpg
00096.jpg,F,96,33,159,205,F.class/00096.jpg
00097.jpg,F,106,31,149,207,F.class/00097.jpg
00098.jpg,F,109,28,148,211,F.class/00098.jpg
00099.jpg,F,105,27,152,212,F.class/00099.jpg
00100.jpg,F,107,26,150,213,F.class/00100.jpg
00102.jpg,F,96,25,161,214,F.class/00102.jpg
00103.jpg,F,97,27,159,212,F.class/00103.jpg
00000.jpg,G,162,79,96,160,G.class/00000.jpg
00001.jpg,G,163,81,94,158,G.class/00001.jpg
00002.jpg,G,167,80,90,159,G.class/00002.jpg
00003.jpg,G,168,79,90,160,G.class/00003.jpg
00004.jpg,G,165,78,93,161,G.class/00004.jpg
00005.jpg,G,163,78,95,160,G.class/00005.jpg
00006.jpg,G,161,79,96,160,G.class/00006.jpg
00007.jpg,G,158,80,98,159,G.class/00007.jpg
00008.jpg,G,153,79,105,159,G.class/00008.jpg
00009.jpg,G,148,77,111,161,G.class/00009.jpg
00010.jpg,G,143,77,120,161,G.class/00010.jpg
00011.jpg,G,142,77,119,161,G.class/00011.jpg
00012.jpg,G,139,73,131,165,G.class/00012.jpg
00013.jpg,G,138,72,136,166,G.class/00013.jpg
00014.jpg,G,138,68,135,170,G.class/00014.jpg
00015.jpg,G,137,64,137,175,G.class/00015.jpg
00016.jpg,G,137,61,145,177,G.class/00016.jpg
00017.jpg,G,138,56,145,182,G.class/00017.jpg
00018.jpg,G,138,52,143,187,G.class/00018.jpg
00019.jpg,G,138,49,144,189,G.class/00019.jpg
00020.jpg,G,139,48,145,191,G.class/00020.jpg
00021.jpg,G,138,51,147,187,G.class/00021.jpg
00022.jpg,G,137,52,145,186,G.class/00022.jpg
00023.jpg,G,137,51,147,187,G.class/00023.jpg
00024.jpg,G,134,50,150,188,G.class/00024.jpg
00025.jpg,G,127,53,154,185,G.class/00025.jpg
00026.jpg,G,126,54,153,184,G.class/00026.jpg
00027.jpg,G,124,54,155,184,G.class/00027.jpg
00028.jpg,G,122,54,157,185,G.class/00028.jpg
00029.jpg,G,118,52,156,186,G.class/00029.jpg
00030.jpg,G,114,48,157,190,G.class/00030.jpg
00031.jpg,G,108,42,164,197,G.class/00031.jpg
00032.jpg,G,103,39,151,200,G.class/00032.jpg
00033.jpg,G,97,37,163,202,G.class/00033.jpg
00034.jpg,G,90,36,149,203,G.class/00034.jpg
00035.jpg,G,88,34,151,205,G.class/00035.jpg
00036.jpg,G,84,30,154,209,G.class/00036.jpg
00037.jpg,G,80,29,144,210,G.class/00037.jpg
00038.jpg,G,78,32,144,207,G.class/00038.jpg
00039.jpg,G,77,37,143,201,G.class/00039.jpg
00040.jpg,G,76,40,141,198,G.class/00040.jpg
00041.jpg,G,78,42,135,196,G.class/00041.jpg
00042.jpg,G,79,42,138,197,G.class/00042.jpg
00043.jpg,G,81,38,142,200,G.class/00043.jpg
00044.jpg,G,83,40,141,199,G.class/00044.jpg
00045.jpg,G,83,40,139,198,G.class/00045.jpg
00046.jpg,G,82,40,139,198,G.class/00046.jpg
00047.jpg,G,83,40,141,198,G.class/00047.jpg
00048.jpg,G,83,40,140,198,G.class/00048.jpg
00049.jpg,G,84,38,148,201,G.class/00049.jpg
00050.jpg,G,84,40,150,198,G.class/00050.jpg
00051.jpg,G,87,41,142,197,G.class/00051.jpg
00052.jpg,G,84,43,145,195,G.class/00052.jpg
00053.jpg,G,83,45,143,193,G.class/00053.jpg
00054.jpg,G,83,50,142,189,G.class/00054.jpg
00055.jpg,G,82,53,139,185,G.class/00055.jpg
00056.jpg,G,80,52,139,187,G.class/00056.jpg
00057.jpg,G,78,51,144,187,G.class/00057.jpg
00058.jpg,G,79,47,135,191,G.class/00058.jpg
00059.jpg,G,77,44,135,195,G.class/00059.jpg
00060.jpg,G,76,46,134,193,G.class/00060.jpg
00061.jpg,G,76,45,135,194,G.class/00061.jpg
00062.jpg,G,78,41,138,197,G.class/00062.jpg
00063.jpg,G,78,41,141,198,G.class/00063.jpg
00064.jpg,G,79,35,150,204,G.class/00064.jpg
00065.jpg,G,81,34,150,204,G.class/00065.jpg
00066.jpg,G,81,34,158,204,G.class/00066.jpg
00067.jpg,G,75,43,194,195,G.class/00067.jpg
00068.jpg,G,75,44,200,194,G.class/00068.jpg
00069.jpg,G,74,40,197,198,G.class/00069.jpg
00070.jpg,G,75,42,195,196,G.class/00070.jpg
00071.jpg,G,76,44,196,194,G.class/00071.jpg
00072.jpg,G,78,43,191,195,G.class/00072.jpg
00073.jpg,G,80,44,192,194,G.class/00073.jpg
00074.jpg,G,80,44,214,195,G.class/00074.jpg
00075.jpg,G,78,44,205,194,G.class/00075.jpg
00076.jpg,G,77,45,199,193,G.class/00076.jpg
00077.jpg,G,77,46,210,192,G.class/00077.jpg
00078.jpg,G,78,46,216,192,G.class/00078.jpg
00079.jpg,G,80,45,206,193,G.class/00079.jpg
00080.jpg,G,79,51,210,188,G.class/00080.jpg
00081.jpg,G,79,51,192,187,G.class/00081.jpg
00082.jpg,G,78,56,191,182,G.class/00082.jpg
00083.jpg,G,78,60,163,178,G.class/00083.jpg
00084.jpg,G,76,64,147,175,G.class/00084.jpg
00085.jpg,G,76,65,147,174,G.class/00085.jpg
00086.jpg,G,74,67,144,172,G.class/00086.jpg
00087.jpg,G,74,68,137,171,G.class/00087.jpg
00088.jpg,G,73,70,140,168,G.class/00088.jpg
00089.jpg,G,73,69,138,170,G.class/00089.jpg
00090.jpg,G,74,68,141,170,G.class/00090.jpg
00091.jpg,G,74,73,139,166,G.class/00091.jpg
00092.jpg,G,72,79,136,160,G.class/00092.jpg
00093.jpg,G,72,78,138,161,G.class/00093.jpg
00094.jpg,G,73,76,138,163,G.class/00094.jpg
00095.jpg,G,71,80,137,158,G.class/00095.jpg
00096.jpg,G,69,76,134,163,G.class/00096.jpg
00097.jpg,G,69,70,135,169,G.class/00097.jpg
00098.jpg,G,68,68,133,170,G.class/00098.jpg
00099.jpg,G,66,69,130,170,G.class/00099.jpg
00100.jpg,G,68,66,139,173,G.class/00100.jpg
00101.jpg,G,68,65,137,173,G.class/00101.jpg
00102.jpg,G,68,65,137,173,G.class/00102.jpg
00000.jpg,H,132,81,75,158,H.class/00000.jpg
00001.jpg,H,134,80,76,159,H.class/00001.jpg
00002.jpg,H,130,79,77,159,H.class/00002.jpg
00003.jpg,H,131,80,77,159,H.class/00003.jpg
00004.jpg,H,131,81,77,158,H.class/00004.jpg
00005.jpg,H,130,79,77,159,H.class/00005.jpg
00006.jpg,H,128,79,78,160,H.class/00006.jpg
00007.jpg,H,128,79,78,160,H.class/00007.jpg
00008.jpg,H,127,79,79,160,H.class/00008.jpg
00009.jpg,H,128,77,78,162,H.class/00009.jpg
00010.jpg,H,128,73,78,166,H.class/00010.jpg
00011.jpg,H,129,69,78,170,H.class/00011.jpg
00012.jpg,H,128,66,79,173,H.class/00012.jpg
00013.jpg,H,128,65,78,173,H.class/00013.jpg
00014.jpg,H,127,65,79,173,H.class/00014.jpg
00015.jpg,H,127,65,79,174,H.class/00015.jpg
00016.jpg,H,127,65,79,173,H.class/00016.jpg
00017.jpg,H,127,65,79,174,H.class/00017.jpg
00018.jpg,H,127,65,80,173,H.class/00018.jpg
00019.jpg,H,126,66,80,172,H.class/00019.jpg
00020.jpg,H,126,66,80,172,H.class/00020.jpg
00021.jpg,H,126,66,80,172,H.class/00021.jpg
00022.jpg,H,126,66,79,173,H.class/00022.jpg
00023.jpg,H,126,67,80,171,H.class/00023.jpg
00024.jpg,H,127,66,79,172,H.class/00024.jpg
00025.jpg,H,125,66,79,172,H.class/00025.jpg
00026.jpg,H,126,66,80,172,H.class/00026.jpg
00027.jpg,H,126,67,80,172,H.class/00027.jpg
00028.jpg,H,125,66,81,172,H.class/00028.jpg
00029.jpg,H,126,66,81,172,H.class/00029.jpg
00030.jpg,H,125,66,81,172,H.class/00030.jpg
00031.jpg,H,127,66,80,172,H.class/00031.jpg
00032.jpg,H,129,65,77,174,H.class/00032.jpg
00033.jpg,H,130,64,77,174,H.class/00033.jpg
00034.jpg,H,131,64,76,174,H.class/00034.jpg
00035.jpg,H,130,65,78,174,H.class/00035.jpg
00036.jpg,H,131,65,78,173,H.class/00036.jpg
00037.jpg,H,132,66,77,173,H.class/00037.jpg
00038.jpg,H,131,65,77,173,H.class/00038.jpg
00039.jpg,H,129,66,78,172,H.class/00039.jpg
00040.jpg,H,126,67,81,171,H.class/00040.jpg
00041.jpg,H,123,67,84,171,H.class/00041.jpg
00042.jpg,H,118,68,89,170,H.class/00042.jpg
00043.jpg,H,115,68,92,170,H.class/00043.jpg
00044.jpg,H,113,69,94,169,H.class/00044.jpg
00045.jpg,H,113,70,99,168,H.class/00045.jpg
00048.jpg,H,111,73,101,166,H.class/00048.jpg
00049.jpg,H,112,70,98,169,H.class/00049.jpg
00050.jpg,H,112,68,94,170,H.class/00050.jpg
00051.jpg,H,113,66,93,172,H.class/00051.jpg
00052.jpg,H,113,66,92,173,H.class/00052.jpg
00053.jpg,H,114,65,88,173,H.class/00053.jpg
00054.jpg,H,117,64,85,174,H.class/00054.jpg
00055.jpg,H,117,64,85,174,H.class/00055.jpg
00056.jpg,H,117,64,84,175,H.class/00056.jpg
00057.jpg,H,134,82,111,157,H.class/00057.jpg
00058.jpg,H,136,83,110,156,H.class/00058.jpg
00059.jpg,H,132,83,114,156,H.class/00059.jpg
00062.jpg,H,129,82,112,157,H.class/00062.jpg
00063.jpg,H,131,83,111,156,H.class/00063.jpg
00064.jpg,H,131,83,112,156,H.class/00064.jpg
00065.jpg,H,126,81,117,158,H.class/00065.jpg
00066.jpg,H,125,77,117,162,H.class/00066.jpg
00067.jpg,H,123,72,118,167,H.class/00067.jpg
00070.jpg,H,125,68,116,171,H.class/00070.jpg
00071.jpg,H,126,69,116,170,H.class/00071.jpg
00077.jpg,H,126,70,121,169,H.class/00077.jpg
00082.jpg,H,131,73,117,166,H.class/00082.jpg
00087.jpg,H,132,64,111,175,H.class/00087.jpg
00091.jpg,H,126,63,121,176,H.class/00091.jpg
00092.jpg,H,129,56,116,182,H.class/00092.jpg
00093.jpg,H,126,56,120,183,H.class/00093.jpg
00094.jpg,H,128,56,117,183,H.class/00094.jpg
00096.jpg,H,125,56,120,182,H.class/00096.jpg
00097.jpg,H,126,57,119,182,H.class/00097.jpg
00098.jpg,H,127,56,116,183,H.class/00098.jpg
00099.jpg,H,132,56,110,182,H.class/00099.jpg
00100.jpg,H,127,57,116,182,H.class/00100.jpg
00101.jpg,H,129,58,114,180,H.class/00101.jpg
00102.jpg,H,133,59,110,180,H.class/00102.jpg
00103.jpg,H,132,59,111,180,H.class/00103.jpg
00000.jpg,I,107,75,116,164,I.class/00000.jpg
00001.jpg,I,109,73,116,166,I.class/00001.jpg
00002.jpg,I,108,74,117,165,I.class/00002.jpg
00003.jpg,I,110,73,116,166,I.class/00003.jpg
00006.jpg,I,109,74,113,165,I.class/00006.jpg
00009.jpg,I,102,74,111,165,I.class/00009.jpg
00017.jpg,I,89,77,100,162,I.class/00017.jpg
00018.jpg,I,92,79,105,160,I.class/00018.jpg
00019.jpg,I,97,76,107,163,I.class/00019.jpg
00020.jpg,I,105,75,107,164,I.class/00020.jpg
00021.jpg,I,110,76,111,163,I.class/00021.jpg
00027.jpg,I,111,82,129,157,I.class/00027.jpg
00028.jpg,I,111,83,130,156,I.class/00028.jpg
00030.jpg,I,109,80,126,158,I.class/00030.jpg
00034.jpg,I,107,72,107,167,I.class/00034.jpg
00035.jpg,I,105,73,103,166,I.class/00035.jpg
00036.jpg,I,104,72,100,166,I.class/00036.jpg
00037.jpg,I,102,74,103,164,I.class/00037.jpg
00038.jpg,I,98,75,105,163,I.class/00038.jpg
00039.jpg,I,96,77,108,161,I.class/00039.jpg
00040.jpg,I,108,74,101,164,I.class/00040.jpg
00041.jpg,I,111,72,107,167,I.class/00041.jpg
00042.jpg,I,110,70,113,169,I.class/00042.jpg
00045.jpg,I,122,91,123,148,I.class/00045.jpg
00047.jpg,I,141,69,127,170,I.class/00047.jpg
00048.jpg,I,144,83,128,156,I.class/00048.jpg
00049.jpg,I,148,72,123,167,I.class/00049.jpg
00050.jpg,I,143,74,128,165,I.class/00050.jpg
00051.jpg,I,143,74,127,165,I.class/00051.jpg
00052.jpg,I,140,70,127,169,I.class/00052.jpg
00053.jpg,I,133,66,130,173,I.class/00053.jpg
00056.jpg,I,121,58,140,181,I.class/00056.jpg
00057.jpg,I,119,68,144,171,I.class/00057.jpg
00060.jpg,I,117,78,145,161,I.class/00060.jpg
00061.jpg,I,121,64,138,175,I.class/00061.jpg
00064.jpg,I,136,87,129,151,I.class/00064.jpg
00066.jpg,I,140,69,125,170,I.class/00066.jpg
00067.jpg,I,141,67,123,171,I.class/00067.jpg
00068.jpg,I,142,74,119,164,I.class/00068.jpg
00069.jpg,I,138,105,122,134,I.class/00069.jpg
00071.jpg,I,129,95,125,144,I.class/00071.jpg
00073.jpg,I,135,83,118,155,I.class/00073.jpg
00075.jpg,I,137,66,125,173,I.class/00075.jpg
00079.jpg,I,124,58,133,181,I.class/00079.jpg
00080.jpg,I,111,61,127,178,I.class/00080.jpg
00083.jpg,I,79,53,106,186,I.class/00083.jpg
00085.jpg,I,78,78,112,161,I.class/00085.jpg
00086.jpg,I,79,87,117,152,I.class/00086.jpg
00087.jpg,I,79,54,118,185,I.class/00087.jpg
00088.jpg,I,81,54,118,185,I.class/00088.jpg
00089.jpg,I,85,53,116,186,I.class/00089.jpg
00090.jpg,I,89,56,114,183,I.class/00090.jpg
00091.jpg,I,88,60,116,179,I.class/00091.jpg
00092.jpg,I,94,61,109,177,I.class/00092.jpg
00002.jpg,K,107,42,212,186,K.class/00002.jpg
00003.jpg,K,119,41,199,186,K.class/00003.jpg
00004.jpg,K,138,40,181,192,K.class/00004.jpg
00022.jpg,K,142,113,177,82,K.class/00022.jpg
00023.jpg,K,138,117,181,80,K.class/00023.jpg
00029.jpg,K,152,111,167,82,K.class/00029.jpg
00031.jpg,K,133,81,186,101,K.class/00031.jpg
00037.jpg,K,144,115,175,72,K.class/00037.jpg
00038.jpg,K,150,112,169,75,K.class/00038.jpg
00040.jpg,K,153,106,166,82,K.class/00040.jpg
00043.jpg,K,147,117,171,79,K.class/00043.jpg
00044.jpg,K,149,117,170,79,K.class/00044.jpg
00046.jpg,K,152,112,166,89,K.class/00046.jpg
00062.jpg,K,137,95,182,143,K.class/00062.jpg
00065.jpg,K,135,87,184,152,K.class/00065.jpg
00066.jpg,K,130,86,189,152,K.class/00066.jpg
00067.jpg,K,130,85,188,153,K.class/00067.jpg
00098.jpg,K,137,77,182,161,K.class/00098.jpg
00099.jpg,K,143,94,176,103,K.class/00099.jpg
00100.jpg,K,142,84,177,155,K.class/00100.jpg
00100.jpg,K,143,84,175,92,K.class/00100.jpg
00101.jpg,K,142,74,177,165,K.class/00101.jpg
00000.jpg,L,76,72,135,167,L.class/00000.jpg
00001.jpg,L,80,70,134,169,L.class/00001.jpg
00002.jpg,L,80,70,133,169,L.class/00002.jpg
00003.jpg,L,76,70,135,169,L.class/00003.jpg
00004.jpg,L,77,70,131,169,L.class/00004.jpg
00005.jpg,L,74,70,131,169,L.class/00005.jpg
00006.jpg,L,70,70,135,168,L.class/00006.jpg
00007.jpg,L,71,69,130,169,L.class/00007.jpg
00008.jpg,L,73,69,128,169,L.class/00008.jpg
00009.jpg,L,72,69,132,169,L.class/00009.jpg
00010.jpg,L,76,69,131,169,L.class/00010.jpg
00011.jpg,L,77,69,132,169,L.class/00011.jpg
00012.jpg,L,77,70,134,169,L.class/00012.jpg
00013.jpg,L,79,69,134,170,L.class/00013.jpg
00014.jpg,L,77,69,136,170,L.class/00014.jpg
00015.jpg,L,78,68,136,171,L.class/00015.jpg
00016.jpg,L,86,69,135,169,L.class/00016.jpg
00017.jpg,L,87,69,136,169,L.class/00017.jpg
00018.jpg,L,89,69,135,170,L.class/00018.jpg
00019.jpg,L,89,69,137,170,L.class/00019.jpg
00020.jpg,L,89,70,136,169,L.class/00020.jpg
00021.jpg,L,79,67,135,171,L.class/00021.jpg
00022.jpg,L,75,67,128,171,L.class/00022.jpg
00023.jpg,L,64,65,117,173,L.class/00023.jpg
00024.jpg,L,65,66,110,173,L.class/00024.jpg
00025.jpg,L,62,65,117,173,L.class/00025.jpg
00026.jpg,L,65,65,125,173,L.class/00026.jpg
00027.jpg,L,72,68,137,170,L.class/00027.jpg
00028.jpg,L,76,72,143,167,L.class/00028.jpg
00029.jpg,L,77,75,146,163,L.class/00029.jpg
00030.jpg,L,79,77,148,161,L.class/00030.jpg
00031.jpg,L,85,79,151,159,L.class/00031.jpg
00032.jpg,L,91,90,153,149,L.class/00032.jpg
00034.jpg,L,85,94,161,145,L.class/00034.jpg
00035.jpg,L,90,84,151,155,L.class/00035.jpg
00036.jpg,L,83,74,143,165,L.class/00036.jpg
00037.jpg,L,78,68,136,170,L.class/00037.jpg
00038.jpg,L,70,65,132,173,L.class/00038.jpg
00039.jpg,L,60,65,134,174,L.class/00039.jpg
00040.jpg,L,62,63,125,175,L.class/00040.jpg
00041.jpg,L,59,63,121,175,L.class/00041.jpg
00042.jpg,L,60,63,119,174,L.class/00042.jpg
00043.jpg,L,59,64,123,174,L.class/00043.jpg
00044.jpg,L,62,65,129,173,L.class/00044.jpg
00045.jpg,L,69,65,131,173,L.class/00045.jpg
00046.jpg,L,75,65,134,174,L.class/00046.jpg
00047.jpg,L,78,66,135,173,L.class/00047.jpg
00048.jpg,L,82,66,137,172,L.class/00048.jpg
00049.jpg,L,85,67,138,172,L.class/00049.jpg
00050.jpg,L,91,68,137,171,L.class/00050.jpg
00051.jpg,L,92,69,137,170,L.class/00051.jpg
00052.jpg,L,85,67,140,172,L.class/00052.jpg
00053.jpg,L,77,67,138,172,L.class/00053.jpg
00054.jpg,L,71,66,136,172,L.class/00054.jpg
00055.jpg,L,61,65,131,173,L.class/00055.jpg
00056.jpg,L,53,65,129,174,L.class/00056.jpg
00057.jpg,L,58,65,120,174,L.class/00057.jpg
00058.jpg,L,62,66,125,172,L.class/00058.jpg
00059.jpg,L,63,66,133,173,L.class/00059.jpg
00060.jpg,L,73,66,128,172,L.class/00060.jpg
00061.jpg,L,76,66,131,172,L.class/00061.jpg
00062.jpg,L,79,66,134,173,L.class/00062.jpg
00063.jpg,L,81,66,137,172,L.class/00063.jpg
00064.jpg,L,83,67,138,172,L.class/00064.jpg
00065.jpg,L,82,67,137,172,L.class/00065.jpg
00066.jpg,L,76,65,134,173,L.class/00066.jpg
00067.jpg,L,72,65,130,174,L.class/00067.jpg
00068.jpg,L,61,65,131,174,L.class/00068.jpg
00069.jpg,L,59,65,122,173,L.class/00069.jpg
00070.jpg,L,59,66,115,172,L.class/00070.jpg
00071.jpg,L,57,66,118,173,L.class/00071.jpg
00072.jpg,L,62,66,120,173,L.class/00072.jpg
00073.jpg,L,61,65,129,174,L.class/00073.jpg
00074.jpg,L,63,64,134,174,L.class/00074.jpg
00075.jpg,L,71,63,131,175,L.class/00075.jpg
00076.jpg,L,76,62,132,177,L.class/00076.jpg
00077.jpg,L,77,62,135,177,L.class/00077.jpg
00078.jpg,L,82,63,136,176,L.class/00078.jpg
00079.jpg,L,92,64,133,175,L.class/00079.jpg
00080.jpg,L,94,65,136,174,L.class/00080.jpg
00081.jpg,L,94,65,139,174,L.class/00081.jpg
00082.jpg,L,95,65,138,173,L.class/00082.jpg
00083.jpg,L,97,66,141,172,L.class/00083.jpg
00084.jpg,L,97,66,137,172,L.class/00084.jpg
00085.jpg,L,88,66,137,173,L.class/00085.jpg
00086.jpg,L,79,65,136,174,L.class/00086.jpg
00087.jpg,L,76,66,131,173,L.class/00087.jpg
00088.jpg,L,77,67,131,172,L.class/00088.jpg
00089.jpg,L,77,67,135,172,L.class/00089.jpg
00090.jpg,L,77,67,140,172,L.class/00090.jpg
00091.jpg,L,89,68,136,170,L.class/00091.jpg
00092.jpg,L,96,68,140,170,L.class/00092.jpg
00093.jpg,L,100,69,138,170,L.class/00093.jpg
00094.jpg,L,102,69,141,170,L.class/00094.jpg
00095.jpg,L,109,70,139,169,L.class/00095.jpg
00096.jpg,L,110,71,145,168,L.class/00096.jpg
00097.jpg,L,122,74,140,165,L.class/00097.jpg
00098.jpg,L,124,73,143,166,L.class/00098.jpg
00099.jpg,L,126,73,145,165,L.class/00099.jpg
00100.jpg,L,126,74,146,164,L.class/00100.jpg
00101.jpg,L,132,75,144,164,L.class/00101.jpg
00102.jpg,L,131,77,147,162,L.class/00102.jpg
00103.jpg,L,132,77,146,162,L.class/00103.jpg
00002.jpg,M,92,83,226,156,M.class/00002.jpg
00022.jpg,M,145,106,173,91,M.class/00022.jpg
00023.jpg,M,144,104,175,91,M.class/00023.jpg
00026.jpg,M,129,97,190,96,M.class/00026.jpg
00028.jpg,M,120,102,199,96,M.class/00028.jpg
00029.jpg,M,116,102,203,99,M.class/00029.jpg
00065.jpg,M,116,102,202,87,M.class/00065.jpg
00076.jpg,M,85,67,234,171,M.class/00076.jpg
00082.jpg,M,111,97,208,142,M.class/00082.jpg
00086.jpg,M,102,94,217,113,M.class/00086.jpg
00087.jpg,M,97,90,221,143,M.class/00087.jpg
00088.jpg,M,95,84,223,112,M.class/00088.jpg
00089.jpg,M,79,84,240,152,M.class/00089.jpg
00092.jpg,M,63,90,256,107,M.class/00092.jpg
00098.jpg,M,76,99,243,120,M.class/00098.jpg
00103.jpg,M,59,97,260,141,M.class/00103.jpg
00023.jpg,N,109,144,210,75,N.class/00023.jpg
00024.jpg,N,111,146,208,74,N.class/00024.jpg
00025.jpg,N,112,145,207,74,N.class/00025.jpg
00026.jpg,N,111,139,208,74,N.class/00026.jpg
00027.jpg,N,108,129,210,80,N.class/00027.jpg
00000.jpg,O,139,63,179,93,O.class/00000.jpg
00001.jpg,O,138,64,180,94,O.class/00001.jpg
00002.jpg,O,138,64,180,95,O.class/00002.jpg
00003.jpg,O,139,64,180,95,O.class/00003.jpg
00004.jpg,O,138,62,181,96,O.class/00004.jpg
00005.jpg,O,138,60,180,97,O.class/00005.jpg
00006.jpg,O,137,61,182,96,O.class/00006.jpg
00007.jpg,O,136,64,183,94,O.class/00007.jpg
00008.jpg,O,136,63,183,94,O.class/00008.jpg
00009.jpg,O,133,61,186,97,O.class/00009.jpg
00010.jpg,O,133,63,186,95,O.class/00010.jpg
00011.jpg,O,132,63,187,95,O.class/00011.jpg
00012.jpg,O,131,64,188,94,O.class/00012.jpg
00013.jpg,O,131,65,188,93,O.class/00013.jpg
00014.jpg,O,130,65,189,93,O.class/00014.jpg
00015.jpg,O,129,64,190,94,O.class/00015.jpg
00016.jpg,O,129,66,190,93,O.class/00016.jpg
00017.jpg,O,127,69,192,93,O.class/00017.jpg
00018.jpg,O,127,67,192,95,O.class/00018.jpg
00019.jpg,O,126,64,192,97,O.class/00019.jpg
00020.jpg,O,126,63,192,98,O.class/00020.jpg
00021.jpg,O,126,58,193,101,O.class/00021.jpg
00022.jpg,O,126,52,193,103,O.class/00022.jpg
00023.jpg,O,131,51,188,103,O.class/00023.jpg
00025.jpg,O,136,52,183,113,O.class/00025.jpg
00026.jpg,O,143,57,176,113,O.class/00026.jpg
00027.jpg,O,143,57,176,112,O.class/00027.jpg
00029.jpg,O,139,65,180,104,O.class/00029.jpg
00030.jpg,O,136,60,183,102,O.class/00030.jpg
00031.jpg,O,138,55,181,105,O.class/00031.jpg
00032.jpg,O,138,53,181,105,O.class/00032.jpg
00033.jpg,O,138,51,181,107,O.class/00033.jpg
00034.jpg,O,140,50,179,108,O.class/00034.jpg
00035.jpg,O,141,50,178,109,O.class/00035.jpg
00036.jpg,O,141,50,178,108,O.class/00036.jpg
00037.jpg,O,142,50,177,106,O.class/00037.jpg
00038.jpg,O,141,50,178,106,O.class/00038.jpg
00039.jpg,O,141,50,178,107,O.class/00039.jpg
00040.jpg,O,141,51,178,107,O.class/00040.jpg
00041.jpg,O,141,52,178,106,O.class/00041.jpg
00042.jpg,O,143,52,176,105,O.class/00042.jpg
00043.jpg,O,143,52,176,106,O.class/00043.jpg
00044.jpg,O,144,50,175,105,O.class/00044.jpg
00045.jpg,O,142,49,177,106,O.class/00045.jpg
00046.jpg,O,142,48,176,105,O.class/00046.jpg
00047.jpg,O,141,47,178,107,O.class/00047.jpg
00048.jpg,O,143,46,176,107,O.class/00048.jpg
00049.jpg,O,142,44,177,109,O.class/00049.jpg
00050.jpg,O,142,42,177,111,O.class/00050.jpg
00051.jpg,O,142,41,177,112,O.class/00051.jpg
00052.jpg,O,141,40,177,113,O.class/00052.jpg
00054.jpg,O,141,43,177,111,O.class/00054.jpg
00055.jpg,O,142,43,176,111,O.class/00055.jpg
00057.jpg,O,140,46,179,108,O.class/00057.jpg
00058.jpg,O,140,46,179,107,O.class/00058.jpg
00059.jpg,O,142,47,177,106,O.class/00059.jpg
00061.jpg,O,144,47,174,107,O.class/00061.jpg
00064.jpg,O,147,48,172,106,O.class/00064.jpg
00066.jpg,O,145,48,174,106,O.class/00066.jpg
00068.jpg,O,145,46,173,106,O.class/00068.jpg
00069.jpg,O,146,47,173,106,O.class/00069.jpg
00070.jpg,O,144,47,175,106,O.class/00070.jpg
00071.jpg,O,145,46,174,107,O.class/00071.jpg
00072.jpg,O,143,48,176,106,O.class/00072.jpg
00075.jpg,O,131,46,188,106,O.class/00075.jpg
00076.jpg,O,124,44,195,109,O.class/00076.jpg
00077.jpg,O,117,46,201,107,O.class/00077.jpg
00078.jpg,O,111,49,208,105,O.class/00078.jpg
00079.jpg,O,110,50,209,105,O.class/00079.jpg
00080.jpg,O,110,50,208,104,O.class/00080.jpg
00081.jpg,O,111,50,208,104,O.class/00081.jpg
00082.jpg,O,111,49,208,105,O.class/00082.jpg
00083.jpg,O,116,47,203,106,O.class/00083.jpg
00084.jpg,O,117,47,202,106,O.class/00084.jpg
00085.jpg,O,121,46,198,106,O.class/00085.jpg
00086.jpg,O,127,41,192,114,O.class/00086.jpg
00087.jpg,O,134,39,185,121,O.class/00087.jpg
00088.jpg,O,138,42,180,122,O.class/00088.jpg
00090.jpg,O,136,43,183,119,O.class/00090.jpg
00091.jpg,O,129,38,190,115,O.class/00091.jpg
00093.jpg,O,139,35,180,116,O.class/00093.jpg
00094.jpg,O,138,34,181,117,O.class/00094.jpg
00095.jpg,O,137,33,182,113,O.class/00095.jpg
00096.jpg,O,140,35,178,114,O.class/00096.jpg
00097.jpg,O,138,37,181,114,O.class/00097.jpg
00098.jpg,O,138,38,181,113,O.class/00098.jpg
00099.jpg,O,140,38,178,114,O.class/00099.jpg
00100.jpg,O,140,38,179,114,O.class/00100.jpg
00101.jpg,O,127,37,192,114,O.class/00101.jpg
00102.jpg,O,123,31,196,116,O.class/00102.jpg
00103.jpg,O,123,32,196,116,O.class/00103.jpg
00104.jpg,O,124,33,195,116,O.class/00104.jpg
00105.jpg,O,121,34,198,116,O.class/00105.jpg
00000.jpg,P,87,99,198,98,P.class/00000.jpg
00001.jpg,P,90,97,229,110,P.class/00001.jpg
00002.jpg,P,87,98,232,121,P.class/00002.jpg
00003.jpg,P,82,94,236,124,P.class/00003.jpg
00004.jpg,P,80,83,239,141,P.class/00004.jpg
00005.jpg,P,79,69,240,134,P.class/00005.jpg
00006.jpg,P,85,54,234,143,P.class/00006.jpg
00007.jpg,P,83,56,236,151,P.class/00007.jpg
00008.jpg,P,80,74,239,145,P.class/00008.jpg
00009.jpg,P,81,90,238,132,P.class/00009.jpg
00010.jpg,P,84,109,235,108,P.class/00010.jpg
00011.jpg,P,84,106,234,111,P.class/00011.jpg
00012.jpg,P,81,93,237,120,P.class/00012.jpg
00013.jpg,P,87,79,232,126,P.class/00013.jpg
00014.jpg,P,87,77,232,127,P.class/00014.jpg
00015.jpg,P,88,80,231,137,P.class/00015.jpg
00016.jpg,P,88,91,231,117,P.class/00016.jpg
00017.jpg,P,89,109,230,100,P.class/00017.jpg
00019.jpg,P,91,128,228,87,P.class/00019.jpg
00020.jpg,P,94,134,225,83,P.class/00020.jpg
00021.jpg,P,95,129,224,89,P.class/00021.jpg
00022.jpg,P,93,109,226,100,P.class/00022.jpg
00023.jpg,P,91,90,227,136,P.class/00023.jpg
00024.jpg,P,88,72,231,130,P.class/00024.jpg
00025.jpg,P,85,60,234,136,P.class/00025.jpg
00026.jpg,P,81,61,238,165,P.class/00026.jpg
00027.jpg,P,78,63,241,161,P.class/00027.jpg
00028.jpg,P,76,68,243,156,P.class/00028.jpg
00029.jpg,P,73,75,246,142,P.class/00029.jpg
00030.jpg,P,72,80,247,129,P.class/00030.jpg
00031.jpg,P,73,82,246,129,P.class/00031.jpg
00032.jpg,P,76,80,243,131,P.class/00032.jpg
00033.jpg,P,74,80,245,145,P.class/00033.jpg
00034.jpg,P,77,78,242,133,P.class/00034.jpg
00035.jpg,P,78,78,241,137,P.class/00035.jpg
00036.jpg,P,73,74,246,148,P.class/00036.jpg
00037.jpg,P,73,68,246,152,P.class/00037.jpg
00038.jpg,P,67,63,252,144,P.class/00038.jpg
00039.jpg,P,67,63,252,152,P.class/00039.jpg
00040.jpg,P,67,64,252,158,P.class/00040.jpg
00041.jpg,P,67,64,252,153,P.class/00041.jpg
00042.jpg,P,66,67,253,143,P.class/00042.jpg
00043.jpg,P,75,74,243,135,P.class/00043.jpg
00044.jpg,P,79,79,239,130,P.class/00044.jpg
00045.jpg,P,81,88,238,132,P.class/00045.jpg
00046.jpg,P,88,90,230,120,P.class/00046.jpg
00047.jpg,P,93,85,226,127,P.class/00047.jpg
00048.jpg,P,92,82,227,130,P.class/00048.jpg
00049.jpg,P,94,77,225,140,P.class/00049.jpg
00050.jpg,P,91,66,227,135,P.class/00050.jpg
00051.jpg,P,96,62,222,135,P.class/00051.jpg
00053.jpg,P,87,59,232,164,P.class/00053.jpg
00054.jpg,P,84,61,235,148,P.class/00054.jpg
00055.jpg,P,86,73,233,138,P.class/00055.jpg
00056.jpg,P,88,81,231,138,P.class/00056.jpg
00057.jpg,P,88,86,231,141,P.class/00057.jpg
00058.jpg,P,91,95,228,126,P.class/00058.jpg
00059.jpg,P,94,99,225,120,P.class/00059.jpg
00060.jpg,P,95,100,224,114,P.class/00060.jpg
00061.jpg,P,96,105,223,112,P.class/00061.jpg
00062.jpg,P,98,105,221,112,P.class/00062.jpg
00063.jpg,P,98,103,221,107,P.class/00063.jpg
00064.jpg,P,101,102,218,109,P.class/00064.jpg
00065.jpg,P,104,102,215,105,P.class/00065.jpg
00066.jpg,P,105,98,214,106,P.class/00066.jpg
00067.jpg,P,106,98,213,109,P.class/00067.jpg
00068.jpg,P,105,97,214,109,P.class/00068.jpg
00069.jpg,P,106,96,213,106,P.class/00069.jpg
00070.jpg,P,103,94,215,108,P.class/00070.jpg
00071.jpg,P,100,90,219,118,P.class/00071.jpg
00072.jpg,P,98,85,220,122,P.class/00072.jpg
00073.jpg,P,97,79,222,139,P.class/00073.jpg
00074.jpg,P,96,76,223,143,P.class/00074.jpg
00075.jpg,P,96,76,223,138,P.class/00075.jpg
00076.jpg,P,99,80,220,133,P.class/00076.jpg
00077.jpg,P,103,84,216,118,P.class/00077.jpg
00078.jpg,P,105,86,213,115,P.class/00078.jpg
00079.jpg,P,105,87,214,112,P.class/00079.jpg
00080.jpg,P,109,87,210,110,P.class/00080.jpg
00081.jpg,P,110,86,209,110,P.class/00081.jpg
00082.jpg,P,110,86,209,109,P.class/00082.jpg
00083.jpg,P,108,84,210,113,P.class/00083.jpg
00084.jpg,P,106,83,212,120,P.class/00084.jpg
00085.jpg,P,104,79,215,121,P.class/00085.jpg
00086.jpg,P,101,77,218,129,P.class/00086.jpg
00087.jpg,P,100,75,219,128,P.class/00087.jpg
00088.jpg,P,96,71,223,131,P.class/00088.jpg
00089.jpg,P,96,69,223,134,P.class/00089.jpg
00090.jpg,P,95,70,224,132,P.class/00090.jpg
00091.jpg,P,95,72,224,148,P.class/00091.jpg
00092.jpg,P,98,77,221,126,P.class/00092.jpg
00093.jpg,P,99,80,220,125,P.class/00093.jpg
00094.jpg,P,105,82,214,114,P.class/00094.jpg
00095.jpg,P,108,83,211,112,P.class/00095.jpg
00096.jpg,P,106,85,213,112,P.class/00096.jpg
00097.jpg,P,106,85,213,113,P.class/00097.jpg
00098.jpg,P,109,85,209,109,P.class/00098.jpg
00099.jpg,P,107,86,212,108,P.class/00099.jpg
00100.jpg,P,109,86,210,108,P.class/00100.jpg
00101.jpg,P,110,87,208,106,P.class/00101.jpg
00102.jpg,P,114,89,205,106,P.class/00102.jpg
00013.jpg,Q,148,0,158,174,Q.class/00013.jpg
00071.jpg,Q,0,152,41,87,Q.class/00071.jpg
00072.jpg,Q,0,153,50,85,Q.class/00072.jpg
00073.jpg,Q,0,150,49,89,Q.class/00073.jpg
00074.jpg,Q,0,147,50,91,Q.class/00074.jpg
00077.jpg,Q,70,0,247,227,Q.class/00077.jpg
00000.jpg,R,57,52,99,187,R.class/00000.jpg
00001.jpg,R,67,44,102,195,R.class/00001.jpg
00002.jpg,R,79,39,103,200,R.class/00002.jpg
00003.jpg,R,79,37,106,202,R.class/00003.jpg
00004.jpg,R,80,35,113,204,R.class/00004.jpg
00005.jpg,R,84,35,112,204,R.class/00005.jpg
00006.jpg,R,87,33,112,205,R.class/00006.jpg
00007.jpg,R,84,34,113,204,R.class/00007.jpg
00008.jpg,R,87,33,117,205,R.class/00008.jpg
00009.jpg,R,88,30,119,209,R.class/00009.jpg
00010.jpg,R,86,31,118,207,R.class/00010.jpg
00011.jpg,R,84,32,118,206,R.class/00011.jpg
00012.jpg,R,83,32,117,206,R.class/00012.jpg
00013.jpg,R,79,34,119,205,R.class/00013.jpg
00014.jpg,R,77,35,117,204,R.class/00014.jpg
00015.jpg,R,76,35,114,204,R.class/00015.jpg
00016.jpg,R,72,36,114,203,R.class/00016.jpg
00017.jpg,R,72,38,110,200,R.class/00017.jpg
00018.jpg,R,70,38,111,201,R.class/00018.jpg
00019.jpg,R,68,38,111,200,R.class/00019.jpg
00020.jpg,R,67,41,111,197,R.class/00020.jpg
00021.jpg,R,67,37,112,202,R.class/00021.jpg
00022.jpg,R,64,37,112,202,R.class/00022.jpg
00023.jpg,R,63,37,111,202,R.class/00023.jpg
00024.jpg,R,67,37,113,202,R.class/00024.jpg
00025.jpg,R,68,36,117,203,R.class/00025.jpg
00026.jpg,R,67,36,118,203,R.class/00026.jpg
00027.jpg,R,71,35,119,204,R.class/00027.jpg
00028.jpg,R,73,34,121,204,R.class/00028.jpg
00029.jpg,R,77,34,122,205,R.class/00029.jpg
00029.jpg,R,83,35,235,204,R.class/00029.jpg
00030.jpg,R,80,34,124,205,R.class/00030.jpg
00030.jpg,R,87,37,232,201,R.class/00030.jpg
00031.jpg,R,86,35,122,204,R.class/00031.jpg
00032.jpg,R,94,45,116,193,R.class/00032.jpg
00033.jpg,R,104,53,109,185,R.class/00033.jpg
00033.jpg,R,102,53,216,186,R.class/00033.jpg
00034.jpg,R,112,61,105,177,R.class/00034.jpg
00035.jpg,R,118,71,101,168,R.class/00035.jpg
00036.jpg,R,117,78,98,160,R.class/00036.jpg
00037.jpg,R,119,81,93,158,R.class/00037.jpg
00037.jpg,R,118,78,200,161,R.class/00037.jpg
00038.jpg,R,122,79,92,160,R.class/00038.jpg
00039.jpg,R,125,75,92,164,R.class/00039.jpg
00040.jpg,R,123,71,91,167,R.class/00040.jpg
00041.jpg,R,121,64,90,175,R.class/00041.jpg
00042.jpg,R,119,60,91,179,R.class/00042.jpg
00043.jpg,R,118,53,90,185,R.class/00043.jpg
00044.jpg,R,115,49,90,190,R.class/00044.jpg
00045.jpg,R,114,48,89,191,R.class/00045.jpg
00046.jpg,R,113,48,88,191,R.class/00046.jpg
00047.jpg,R,115,47,88,192,R.class/00047.jpg
00048.jpg,R,116,44,89,195,R.class/00048.jpg
00049.jpg,R,117,44,89,195,R.class/00049.jpg
00050.jpg,R,121,43,89,196,R.class/00050.jpg
00050.jpg,R,115,43,203,196,R.class/00050.jpg
00051.jpg,R,123,43,89,196,R.class/00051.jpg
00052.jpg,R,124,46,88,193,R.class/00052.jpg
00052.jpg,R,120,44,198,194,R.class/00052.jpg
00053.jpg,R,125,45,90,193,R.class/00053.jpg
00054.jpg,R,124,46,91,193,R.class/00054.jpg
00055.jpg,R,121,47,92,192,R.class/00055.jpg
00056.jpg,R,121,47,91,192,R.class/00056.jpg
00057.jpg,R,120,47,91,191,R.class/00057.jpg
00058.jpg,R,123,44,93,195,R.class/00058.jpg
00059.jpg,R,127,45,92,194,R.class/00059.jpg
00060.jpg,R,129,43,91,196,R.class/00060.jpg
00061.jpg,R,131,42,92,197,R.class/00061.jpg
00062.jpg,R,131,41,91,197,R.class/00062.jpg
00063.jpg,R,133,41,92,197,R.class/00063.jpg
00064.jpg,R,132,41,92,198,R.class/00064.jpg
00065.jpg,R,135,37,92,201,R.class/00065.jpg
00066.jpg,R,133,39,93,200,R.class/00066.jpg
00067.jpg,R,132,38,93,200,R.class/00067.jpg
00068.jpg,R,129,39,96,200,R.class/00068.jpg
00069.jpg,R,129,39,96,200,R.class/00069.jpg
00070.jpg,R,129,41,96,198,R.class/00070.jpg
00071.jpg,R,131,40,95,199,R.class/00071.jpg
00072.jpg,R,132,40,94,199,R.class/00072.jpg
00073.jpg,R,132,42,94,197,R.class/00073.jpg
00074.jpg,R,132,42,94,197,R.class/00074.jpg
00075.jpg,R,131,44,94,195,R.class/00075.jpg
00076.jpg,R,131,42,94,197,R.class/00076.jpg
00077.jpg,R,128,44,95,195,R.class/00077.jpg
00078.jpg,R,125,44,95,195,R.class/00078.jpg
00079.jpg,R,123,45,94,194,R.class/00079.jpg
00080.jpg,R,122,45,93,194,R.class/00080.jpg
00081.jpg,R,117,47,92,191,R.class/00081.jpg
00082.jpg,R,118,48,90,190,R.class/00082.jpg
00083.jpg,R,114,52,92,187,R.class/00083.jpg
00084.jpg,R,110,53,90,185,R.class/00084.jpg
00085.jpg,R,112,53,90,186,R.class/00085.jpg
00086.jpg,R,112,51,90,187,R.class/00086.jpg
00087.jpg,R,110,54,90,184,R.class/00087.jpg
00088.jpg,R,105,61,90,178,R.class/00088.jpg
00088.jpg,R,105,61,214,178,R.class/00088.jpg
00089.jpg,R,105,62,90,176,R.class/00089.jpg
00089.jpg,R,100,64,218,175,R.class/00089.jpg
00090.jpg,R,105,63,90,176,R.class/00090.jpg
00091.jpg,R,103,65,89,174,R.class/00091.jpg
00092.jpg,R,100,66,90,172,R.class/00092.jpg
00093.jpg,R,100,63,90,176,R.class/00093.jpg
00093.jpg,R,89,63,229,176,R.class/00093.jpg
00094.jpg,R,96,49,91,189,R.class/00094.jpg
00095.jpg,R,85,33,91,206,R.class/00095.jpg
00096.jpg,R,79,35,96,203,R.class/00096.jpg
00097.jpg,R,74,35,93,203,R.class/00097.jpg
00098.jpg,R,72,34,101,204,R.class/00098.jpg
00099.jpg,R,66,36,92,203,R.class/00099.jpg
00100.jpg,R,62,39,108,199,R.class/00100.jpg
00101.jpg,R,64,44,98,195,R.class/00101.jpg
00102.jpg,R,69,35,94,204,R.class/00102.jpg
00103.jpg,R,77,31,98,208,R.class/00103.jpg
00104.jpg,R,5,35,309,204,R.class/00104.jpg
00002.jpg,S,111,99,101,140,S.class/00002.jpg
00006.jpg,S,106,94,105,144,S.class/00006.jpg
00008.jpg,S,105,88,107,150,S.class/00008.jpg
00014.jpg,S,106,92,109,147,S.class/00014.jpg
00021.jpg,S,107,95,112,144,S.class/00021.jpg
00022.jpg,S,108,94,111,145,S.class/00022.jpg
00023.jpg,S,107,95,113,144,S.class/00023.jpg
00028.jpg,S,111,90,116,149,S.class/00028.jpg
00029.jpg,S,111,91,117,148,S.class/00029.jpg
00030.jpg,S,113,91,115,148,S.class/00030.jpg
00032.jpg,S,113,82,118,157,S.class/00032.jpg
00033.jpg,S,111,83,118,155,S.class/00033.jpg
00034.jpg,S,112,82,118,157,S.class/00034.jpg
00035.jpg,S,113,91,121,148,S.class/00035.jpg
00036.jpg,S,114,92,121,147,S.class/00036.jpg
00037.jpg,S,113,93,122,146,S.class/00037.jpg
00038.jpg,S,114,93,122,146,S.class/00038.jpg
00039.jpg,S,114,92,122,147,S.class/00039.jpg
00040.jpg,S,115,91,122,148,S.class/00040.jpg
00041.jpg,S,117,85,121,154,S.class/00041.jpg
00042.jpg,S,118,85,119,154,S.class/00042.jpg
00043.jpg,S,117,88,118,151,S.class/00043.jpg
00046.jpg,S,111,97,117,142,S.class/00046.jpg
00047.jpg,S,116,92,114,147,S.class/00047.jpg
00048.jpg,S,122,91,119,148,S.class/00048.jpg
00049.jpg,S,125,90,123,149,S.class/00049.jpg
00050.jpg,S,124,89,125,150,S.class/00050.jpg
00051.jpg,S,123,88,127,151,S.class/00051.jpg
00052.jpg,S,121,82,128,157,S.class/00052.jpg
00053.jpg,S,119,64,129,175,S.class/00053.jpg
00054.jpg,S,120,48,129,191,S.class/00054.jpg
00055.jpg,S,123,36,128,203,S.class/00055.jpg
00056.jpg,S,126,32,129,206,S.class/00056.jpg
00057.jpg,S,129,37,128,202,S.class/00057.jpg
00058.jpg,S,133,48,127,191,S.class/00058.jpg
00059.jpg,S,132,49,127,190,S.class/00059.jpg
00060.jpg,S,132,54,126,185,S.class/00060.jpg
00061.jpg,S,134,51,125,188,S.class/00061.jpg
00062.jpg,S,135,46,125,193,S.class/00062.jpg
00063.jpg,S,134,43,126,196,S.class/00063.jpg
00064.jpg,S,133,41,128,198,S.class/00064.jpg
00065.jpg,S,134,40,133,198,S.class/00065.jpg
00066.jpg,S,135,42,133,197,S.class/00066.jpg
00067.jpg,S,132,41,135,198,S.class/00067.jpg
00068.jpg,S,131,41,136,198,S.class/00068.jpg
00070.jpg,S,131,43,132,196,S.class/00070.jpg
00081.jpg,S,119,43,142,196,S.class/00081.jpg
00086.jpg,S,115,45,146,193,S.class/00086.jpg
00087.jpg,S,113,46,146,192,S.class/00087.jpg
00088.jpg,S,115,46,147,192,S.class/00088.jpg
00089.jpg,S,114,49,148,190,S.class/00089.jpg
00090.jpg,S,116,49,148,190,S.class/00090.jpg
00091.jpg,S,115,48,148,191,S.class/00091.jpg
00093.jpg,S,110,49,152,189,S.class/00093.jpg
00095.jpg,S,100,52,152,187,S.class/00095.jpg
00101.jpg,S,107,42,158,197,S.class/00101.jpg
00000.jpg,T,96,80,96,159,T.class/00000.jpg
00001.jpg,T,96,88,97,151,T.class/00001.jpg
00002.jpg,T,96,89,96,150,T.class/00002.jpg
00003.jpg,T,95,90,96,148,T.class/00003.jpg
00004.jpg,T,95,81,97,158,T.class/00004.jpg
00005.jpg,T,96,81,96,158,T.class/00005.jpg
00006.jpg,T,96,81,97,158,T.class/00006.jpg
00007.jpg,T,96,83,97,156,T.class/00007.jpg
00008.jpg,T,93,83,99,156,T.class/00008.jpg
00009.jpg,T,92,83,98,156,T.class/00009.jpg
00010.jpg,T,93,83,99,156,T.class/00010.jpg
00011.jpg,T,93,83,99,156,T.class/00011.jpg
00012.jpg,T,91,86,101,153,T.class/00012.jpg
00013.jpg,T,85,92,100,147,T.class/00013.jpg
00014.jpg,T,82,91,96,148,T.class/00014.jpg
00015.jpg,T,82,91,96,148,T.class/00015.jpg
00016.jpg,T,85,88,98,151,T.class/00016.jpg
00017.jpg,T,89,83,94,156,T.class/00017.jpg
00018.jpg,T,89,80,98,159,T.class/00018.jpg
00019.jpg,T,94,79,93,160,T.class/00019.jpg
00020.jpg,T,96,77,94,162,T.class/00020.jpg
00021.jpg,T,97,74,95,164,T.class/00021.jpg
00022.jpg,T,98,78,94,161,T.class/00022.jpg
00023.jpg,T,99,68,95,171,T.class/00023.jpg
00024.jpg,T,98,69,96,170,T.class/00024.jpg
00025.jpg,T,100,74,97,165,T.class/00025.jpg
00026.jpg,T,102,67,97,172,T.class/00026.jpg
00027.jpg,T,101,69,95,170,T.class/00027.jpg
00028.jpg,T,97,73,95,166,T.class/00028.jpg
00029.jpg,T,95,101,97,138,T.class/00029.jpg
00030.jpg,T,93,78,97,161,T.class/00030.jpg
00031.jpg,T,89,78,100,160,T.class/00031.jpg
00032.jpg,T,96,77,95,162,T.class/00032.jpg
00033.jpg,T,102,84,93,155,T.class/00033.jpg
00034.jpg,T,109,68,93,171,T.class/00034.jpg
00035.jpg,T,111,75,94,164,T.class/00035.jpg
00036.jpg,T,113,65,94,174,T.class/00036.jpg
00037.jpg,T,113,64,95,175,T.class/00037.jpg
00038.jpg,T,111,77,96,162,T.class/00038.jpg
00039.jpg,T,100,73,97,165,T.class/00039.jpg
00040.jpg,T,96,76,96,162,T.class/00040.jpg
00041.jpg,T,90,80,98,159,T.class/00041.jpg
00042.jpg,T,89,84,97,155,T.class/00042.jpg
00043.jpg,T,88,83,98,156,T.class/00043.jpg
00044.jpg,T,88,84,96,154,T.class/00044.jpg
00045.jpg,T,84,89,96,150,T.class/00045.jpg
00046.jpg,T,82,91,94,147,T.class/00046.jpg
00047.jpg,T,85,88,97,151,T.class/00047.jpg
00048.jpg,T,89,82,98,157,T.class/00048.jpg
00049.jpg,T,96,77,95,161,T.class/00049.jpg
00050.jpg,T,101,74,94,165,T.class/00050.jpg
00051.jpg,T,104,77,95,162,T.class/00051.jpg
00052.jpg,T,105,77,95,162,T.class/00052.jpg
00053.jpg,T,105,75,94,164,T.class/00053.jpg
00054.jpg,T,102,75,95,164,T.class/00054.jpg
00055.jpg,T,96,77,95,161,T.class/00055.jpg
00056.jpg,T,89,83,97,156,T.class/00056.jpg
00057.jpg,T,84,86,97,153,T.class/00057.jpg
00058.jpg,T,81,86,99,153,T.class/00058.jpg
00059.jpg,T,84,87,98,152,T.class/00059.jpg
00060.jpg,T,86,83,99,156,T.class/00060.jpg
00061.jpg,T,88,81,98,158,T.class/00061.jpg
00062.jpg,T,89,100,99,139,T.class/00062.jpg
00063.jpg,T,89,76,98,163,T.class/00063.jpg
00064.jpg,T,84,78,100,161,T.class/00064.jpg
00065.jpg,T,82,80,100,158,T.class/00065.jpg
00066.jpg,T,80,91,98,148,T.class/00066.jpg
00067.jpg,T,76,89,100,149,T.class/00067.jpg
00068.jpg,T,75,90,99,149,T.class/00068.jpg
00069.jpg,T,73,92,101,147,T.class/00069.jpg
00070.jpg,T,73,93,100,146,T.class/00070.jpg
00071.jpg,T,77,90,99,148,T.class/00071.jpg
00072.jpg,T,80,87,98,152,T.class/00072.jpg
00073.jpg,T,82,85,102,154,T.class/00073.jpg
00074.jpg,T,84,93,100,146,T.class/00074.jpg
00075.jpg,T,87,95,101,144,T.class/00075.jpg
00076.jpg,T,87,80,102,159,T.class/00076.jpg
00077.jpg,T,84,83,100,156,T.class/00077.jpg
00078.jpg,T,80,85,101,154,T.class/00078.jpg
00079.jpg,T,79,89,99,150,T.class/00079.jpg
00080.jpg,T,78,90,98,148,T.class/00080.jpg
00081.jpg,T,76,91,100,148,T.class/00081.jpg
00082.jpg,T,75,93,101,146,T.class/00082.jpg
00083.jpg,T,79,91,99,148,T.class/00083.jpg
00084.jpg,T,81,87,101,152,T.class/00084.jpg
00085.jpg,T,93,76,102,162,T.class/00085.jpg
00086.jpg,T,87,74,109,165,T.class/00086.jpg
00087.jpg,T,81,68,114,171,T.class/00087.jpg
00088.jpg,T,78,69,114,170,T.class/00088.jpg
00089.jpg,T,68,72,112,167,T.class/00089.jpg
00090.jpg,T,65,76,109,163,T.class/00090.jpg
00091.jpg,T,64,97,107,142,T.class/00091.jpg
00092.jpg,T,66,80,105,159,T.class/00092.jpg
00093.jpg,T,68,82,101,156,T.class/00093.jpg
00094.jpg,T,67,85,101,153,T.class/00094.jpg
00095.jpg,T,69,102,99,137,T.class/00095.jpg
00096.jpg,T,71,88,98,150,T.class/00096.jpg
00097.jpg,T,73,88,96,150,T.class/00097.jpg
00098.jpg,T,73,87,96,152,T.class/00098.jpg
00099.jpg,T,73,90,98,149,T.class/00099.jpg
00100.jpg,T,74,89,99,150,T.class/00100.jpg
00101.jpg,T,75,89,100,150,T.class/00101.jpg
00102.jpg,T,75,89,95,150,T.class/00102.jpg
00103.jpg,T,74,91,94,148,T.class/00103.jpg
00000.jpg,U,146,74,172,165,U.class/00000.jpg
00001.jpg,U,142,77,176,161,U.class/00001.jpg
00004.jpg,U,141,75,177,164,U.class/00004.jpg
00005.jpg,U,140,74,179,165,U.class/00005.jpg
00006.jpg,U,141,75,178,164,U.class/00006.jpg
00007.jpg,U,142,75,91,163,U.class/00007.jpg
00007.jpg,U,140,75,178,164,U.class/00007.jpg
00008.jpg,U,140,75,179,163,U.class/00008.jpg
00009.jpg,U,138,75,180,164,U.class/00009.jpg
00010.jpg,U,139,74,88,164,U.class/00010.jpg
00011.jpg,U,138,70,91,169,U.class/00011.jpg
00011.jpg,U,136,70,182,169,U.class/00011.jpg
00012.jpg,U,137,68,93,170,U.class/00012.jpg
00013.jpg,U,133,67,98,171,U.class/00013.jpg
00013.jpg,U,267,144,52,95,U.class/00013.jpg
00016.jpg,U,269,144,50,95,U.class/00016.jpg
00018.jpg,U,132,64,184,174,U.class/00018.jpg
00022.jpg,U,137,64,181,175,U.class/00022.jpg
00023.jpg,U,141,60,101,179,U.class/00023.jpg
00024.jpg,U,141,59,101,180,U.class/00024.jpg
00025.jpg,U,141,61,177,178,U.class/00025.jpg
00026.jpg,U,141,60,177,179,U.class/00026.jpg
00027.jpg,U,141,57,177,181,U.class/00027.jpg
00027.jpg,U,142,56,111,183,U.class/00027.jpg
00028.jpg,U,142,56,177,183,U.class/00028.jpg
00029.jpg,U,141,55,177,184,U.class/00029.jpg
00030.jpg,U,142,54,177,184,U.class/00030.jpg
00031.jpg,U,141,54,178,185,U.class/00031.jpg
00031.jpg,U,141,53,102,185,U.class/00031.jpg
00032.jpg,U,140,54,179,185,U.class/00032.jpg
00033.jpg,U,141,52,178,187,U.class/00033.jpg
00034.jpg,U,141,54,178,185,U.class/00034.jpg
00035.jpg,U,141,55,178,184,U.class/00035.jpg
00036.jpg,U,141,54,177,184,U.class/00036.jpg
00037.jpg,U,141,53,177,186,U.class/00037.jpg
00038.jpg,U,142,53,177,186,U.class/00038.jpg
00039.jpg,U,142,53,177,186,U.class/00039.jpg
00040.jpg,U,141,54,178,185,U.class/00040.jpg
00041.jpg,U,141,54,178,184,U.class/00041.jpg
00042.jpg,U,141,54,178,185,U.class/00042.jpg
00043.jpg,U,142,53,111,186,U.class/00043.jpg
00043.jpg,U,141,53,177,186,U.class/00043.jpg
00044.jpg,U,141,55,178,184,U.class/00044.jpg
00045.jpg,U,141,54,177,185,U.class/00045.jpg
00046.jpg,U,146,52,172,187,U.class/00046.jpg
00047.jpg,U,148,54,171,185,U.class/00047.jpg
00048.jpg,U,149,54,169,185,U.class/00048.jpg
00049.jpg,U,148,53,170,185,U.class/00049.jpg
00050.jpg,U,145,56,173,183,U.class/00050.jpg
00051.jpg,U,146,60,173,179,U.class/00051.jpg
00052.jpg,U,144,62,175,177,U.class/00052.jpg
00053.jpg,U,142,62,176,177,U.class/00053.jpg
00054.jpg,U,142,63,176,175,U.class/00054.jpg
00055.jpg,U,139,63,179,176,U.class/00055.jpg
00056.jpg,U,140,64,179,174,U.class/00056.jpg
00057.jpg,U,140,67,178,172,U.class/00057.jpg
00058.jpg,U,139,69,179,169,U.class/00058.jpg
00059.jpg,U,138,68,181,171,U.class/00059.jpg
00060.jpg,U,136,70,182,168,U.class/00060.jpg
00061.jpg,U,135,70,184,169,U.class/00061.jpg
00062.jpg,U,134,71,184,168,U.class/00062.jpg
00063.jpg,U,134,70,184,169,U.class/00063.jpg
00064.jpg,U,135,71,183,168,U.class/00064.jpg
00065.jpg,U,135,71,183,168,U.class/00065.jpg
00066.jpg,U,136,70,182,169,U.class/00066.jpg
00067.jpg,U,135,71,183,168,U.class/00067.jpg
00068.jpg,U,136,71,183,167,U.class/00068.jpg
00069.jpg,U,135,72,183,167,U.class/00069.jpg
00070.jpg,U,135,76,183,163,U.class/00070.jpg
00071.jpg,U,134,78,185,160,U.class/00071.jpg
00072.jpg,U,134,78,185,161,U.class/00072.jpg
00073.jpg,U,135,76,184,162,U.class/00073.jpg
00074.jpg,U,136,78,183,160,U.class/00074.jpg
00075.jpg,U,136,76,182,163,U.class/00075.jpg
00076.jpg,U,136,74,182,164,U.class/00076.jpg
00077.jpg,U,138,74,180,165,U.class/00077.jpg
00078.jpg,U,138,75,180,164,U.class/00078.jpg
00079.jpg,U,138,76,180,163,U.class/00079.jpg
00080.jpg,U,134,76,184,163,U.class/00080.jpg
00081.jpg,U,133,79,185,160,U.class/00081.jpg
00082.jpg,U,133,78,185,161,U.class/00082.jpg
00083.jpg,U,133,78,186,161,U.class/00083.jpg
00084.jpg,U,132,79,186,160,U.class/00084.jpg
00085.jpg,U,133,77,186,162,U.class/00085.jpg
00086.jpg,U,133,78,186,161,U.class/00086.jpg
00087.jpg,U,133,77,186,161,U.class/00087.jpg
00088.jpg,U,134,75,184,163,U.class/00088.jpg
00089.jpg,U,135,75,184,163,U.class/00089.jpg
00090.jpg,U,135,74,183,164,U.class/00090.jpg
00091.jpg,U,137,75,182,163,U.class/00091.jpg
00092.jpg,U,137,74,181,165,U.class/00092.jpg
00093.jpg,U,138,73,180,166,U.class/00093.jpg
00094.jpg,U,138,74,180,165,U.class/00094.jpg
00095.jpg,U,137,75,181,163,U.class/00095.jpg
00096.jpg,U,135,76,183,163,U.class/00096.jpg
00097.jpg,U,134,76,185,162,U.class/00097.jpg
00098.jpg,U,133,76,186,163,U.class/00098.jpg
00099.jpg,U,133,76,186,162,U.class/00099.jpg
00100.jpg,U,132,76,187,162,U.class/00100.jpg
00101.jpg,U,131,79,188,160,U.class/00101.jpg
00102.jpg,U,133,77,186,162,U.class/00102.jpg
00002.jpg,V,182,66,137,173,V.class/00002.jpg
00003.jpg,V,189,58,130,181,V.class/00003.jpg
00004.jpg,V,192,54,89,185,V.class/00004.jpg
00005.jpg,V,188,57,131,182,V.class/00005.jpg
00007.jpg,V,160,60,133,178,V.class/00007.jpg
00008.jpg,V,141,62,178,177,V.class/00008.jpg
00009.jpg,V,129,62,176,177,V.class/00009.jpg
00010.jpg,V,121,60,198,178,V.class/00010.jpg
00011.jpg,V,116,57,203,182,V.class/00011.jpg
00012.jpg,V,117,55,201,183,V.class/00012.jpg
00013.jpg,V,118,50,151,188,V.class/00013.jpg
00014.jpg,V,117,48,172,190,V.class/00014.jpg
00015.jpg,V,117,49,202,190,V.class/00015.jpg
00016.jpg,V,116,49,183,190,V.class/00016.jpg
00017.jpg,V,115,49,157,190,V.class/00017.jpg
00018.jpg,V,112,50,207,189,V.class/00018.jpg
00019.jpg,V,112,51,149,187,V.class/00019.jpg
00020.jpg,V,111,51,147,188,V.class/00020.jpg
00021.jpg,V,111,50,194,188,V.class/00021.jpg
00022.jpg,V,111,51,202,187,V.class/00022.jpg
00023.jpg,V,112,54,145,185,V.class/00023.jpg
00024.jpg,V,112,55,207,184,V.class/00024.jpg
00025.jpg,V,112,59,207,180,V.class/00025.jpg
00026.jpg,V,108,61,152,178,V.class/00026.jpg
00027.jpg,V,106,62,153,177,V.class/00027.jpg
00028.jpg,V,106,63,155,176,V.class/00028.jpg
00029.jpg,V,108,62,151,177,V.class/00029.jpg
00030.jpg,V,110,61,150,177,V.class/00030.jpg
00031.jpg,V,112,60,159,179,V.class/00031.jpg
00032.jpg,V,113,61,147,177,V.class/00032.jpg
00033.jpg,V,113,61,150,177,V.class/00033.jpg
00034.jpg,V,115,62,173,176,V.class/00034.jpg
00035.jpg,V,113,61,153,177,V.class/00035.jpg
00036.jpg,V,109,64,210,175,V.class/00036.jpg
00037.jpg,V,110,61,209,178,V.class/00037.jpg
00038.jpg,V,111,64,208,174,V.class/00038.jpg
00039.jpg,V,114,62,205,177,V.class/00039.jpg
00040.jpg,V,114,62,197,176,V.class/00040.jpg
00041.jpg,V,113,63,205,175,V.class/00041.jpg
00042.jpg,V,110,63,192,175,V.class/00042.jpg
00043.jpg,V,109,64,190,174,V.class/00043.jpg
00044.jpg,V,110,64,204,174,V.class/00044.jpg
00045.jpg,V,109,65,208,173,V.class/00045.jpg
00046.jpg,V,109,66,209,172,V.class/00046.jpg
00047.jpg,V,108,65,209,173,V.class/00047.jpg
00048.jpg,V,108,65,210,173,V.class/00048.jpg
00049.jpg,V,107,66,209,173,V.class/00049.jpg
00050.jpg,V,107,65,211,174,V.class/00050.jpg
00051.jpg,V,108,66,209,172,V.class/00051.jpg
00052.jpg,V,107,69,210,170,V.class/00052.jpg
00053.jpg,V,108,74,210,164,V.class/00053.jpg
00054.jpg,V,108,74,210,164,V.class/00054.jpg
00055.jpg,V,108,74,210,164,V.class/00055.jpg
00056.jpg,V,107,71,212,168,V.class/00056.jpg
00057.jpg,V,106,70,212,169,V.class/00057.jpg
00058.jpg,V,107,68,210,171,V.class/00058.jpg
00059.jpg,V,108,70,210,168,V.class/00059.jpg
00060.jpg,V,108,74,211,165,V.class/00060.jpg
00061.jpg,V,108,75,210,164,V.class/00061.jpg
00062.jpg,V,111,74,208,165,V.class/00062.jpg
00063.jpg,V,111,74,207,165,V.class/00063.jpg
00064.jpg,V,111,73,206,166,V.class/00064.jpg
00065.jpg,V,113,68,205,171,V.class/00065.jpg
00065.jpg,V,113,73,144,166,V.class/00065.jpg
00066.jpg,V,114,70,204,168,V.class/00066.jpg
00067.jpg,V,105,68,212,171,V.class/00067.jpg
00068.jpg,V,102,66,214,173,V.class/00068.jpg
00069.jpg,V,99,64,165,174,V.class/00069.jpg
00070.jpg,V,99,62,206,176,V.class/00070.jpg
00071.jpg,V,101,61,189,177,V.class/00071.jpg
00072.jpg,V,100,60,193,178,V.class/00072.jpg
00073.jpg,V,98,59,181,179,V.class/00073.jpg
00074.jpg,V,112,62,153,177,V.class/00074.jpg
00075.jpg,V,114,64,147,174,V.class/00075.jpg
00076.jpg,V,116,67,149,171,V.class/00076.jpg
00077.jpg,V,116,68,202,170,V.class/00077.jpg
00078.jpg,V,112,73,153,165,V.class/00078.jpg
00079.jpg,V,115,70,151,168,V.class/00079.jpg
00080.jpg,V,115,65,147,174,V.class/00080.jpg
00081.jpg,V,120,64,199,175,V.class/00081.jpg
00082.jpg,V,118,62,142,176,V.class/00082.jpg
00082.jpg,V,117,64,202,175,V.class/00082.jpg
00083.jpg,V,118,63,143,176,V.class/00083.jpg
00084.jpg,V,115,64,204,175,V.class/00084.jpg
00085.jpg,V,113,65,205,174,V.class/00085.jpg
00086.jpg,V,105,66,185,172,V.class/00086.jpg
00087.jpg,V,97,73,220,166,V.class/00087.jpg
00088.jpg,V,96,73,189,166,V.class/00088.jpg
00089.jpg,V,95,74,189,165,V.class/00089.jpg
00090.jpg,V,96,76,214,163,V.class/00090.jpg
00091.jpg,V,99,75,218,164,V.class/00091.jpg
00092.jpg,V,100,75,217,164,V.class/00092.jpg
00093.jpg,V,101,74,216,164,V.class/00093.jpg
00094.jpg,V,104,74,213,165,V.class/00094.jpg
00095.jpg,V,103,74,214,165,V.class/00095.jpg
00096.jpg,V,103,74,216,165,V.class/00096.jpg
00097.jpg,V,104,73,215,165,V.class/00097.jpg
00098.jpg,V,104,72,214,166,V.class/00098.jpg
00099.jpg,V,103,72,216,167,V.class/00099.jpg
00100.jpg,V,103,73,215,166,V.class/00100.jpg
00101.jpg,V,101,72,217,166,V.class/00101.jpg
00102.jpg,V,100,69,215,169,V.class/00102.jpg
00103.jpg,V,100,73,218,166,V.class/00103.jpg
00104.jpg,V,101,74,217,165,V.class/00104.jpg
00105.jpg,V,100,73,219,165,V.class/00105.jpg
00106.jpg,V,100,74,218,165,V.class/00106.jpg
00003.jpg,W,163,82,108,156,W.class/00003.jpg
00005.jpg,W,141,89,123,150,W.class/00005.jpg
00006.jpg,W,138,89,125,150,W.class/00006.jpg
00007.jpg,W,137,87,127,152,W.class/00007.jpg
00008.jpg,W,136,86,127,153,W.class/00008.jpg
00009.jpg,W,138,87,127,152,W.class/00009.jpg
00010.jpg,W,141,85,177,154,W.class/00010.jpg
00012.jpg,W,149,83,117,156,W.class/00012.jpg
00013.jpg,W,150,84,118,155,W.class/00013.jpg
00014.jpg,W,152,86,116,153,W.class/00014.jpg
00015.jpg,W,152,86,115,153,W.class/00015.jpg
00016.jpg,W,152,86,115,153,W.class/00016.jpg
00017.jpg,W,150,86,117,153,W.class/00017.jpg
00018.jpg,W,150,88,118,151,W.class/00018.jpg
00019.jpg,W,149,89,119,150,W.class/00019.jpg
00020.jpg,W,148,90,118,149,W.class/00020.jpg
00021.jpg,W,148,91,119,148,W.class/00021.jpg
00022.jpg,W,148,90,119,149,W.class/00022.jpg
00023.jpg,W,150,90,119,149,W.class/00023.jpg
00024.jpg,W,152,91,116,148,W.class/00024.jpg
00028.jpg,W,159,85,112,153,W.class/00028.jpg
00030.jpg,W,161,86,111,153,W.class/00030.jpg
00031.jpg,W,159,85,113,154,W.class/00031.jpg
00032.jpg,W,160,84,112,155,W.class/00032.jpg
00033.jpg,W,160,84,112,155,W.class/00033.jpg
00034.jpg,W,160,84,111,155,W.class/00034.jpg
00035.jpg,W,161,82,112,156,W.class/00035.jpg
00036.jpg,W,166,81,153,158,W.class/00036.jpg
00037.jpg,W,165,80,106,158,W.class/00037.jpg
00038.jpg,W,165,80,125,158,W.class/00038.jpg
00039.jpg,W,166,79,153,159,W.class/00039.jpg
00040.jpg,W,165,79,154,160,W.class/00040.jpg
00041.jpg,W,166,80,117,158,W.class/00041.jpg
00044.jpg,W,165,82,112,157,W.class/00044.jpg
00045.jpg,W,166,82,153,156,W.class/00045.jpg
00048.jpg,W,178,80,141,159,W.class/00048.jpg
00054.jpg,W,174,82,145,157,W.class/00054.jpg
00056.jpg,W,173,87,146,151,W.class/00056.jpg
00057.jpg,W,172,88,147,151,W.class/00057.jpg
00061.jpg,W,176,85,142,154,W.class/00061.jpg
00062.jpg,W,177,79,142,159,W.class/00062.jpg
00067.jpg,W,175,77,143,162,W.class/00067.jpg
00068.jpg,W,172,80,147,158,W.class/00068.jpg
00070.jpg,W,167,80,152,159,W.class/00070.jpg
00073.jpg,W,169,81,108,158,W.class/00073.jpg
00074.jpg,W,169,83,108,156,W.class/00074.jpg
00080.jpg,W,172,83,147,156,W.class/00080.jpg
00088.jpg,W,177,92,141,146,W.class/00088.jpg
00089.jpg,W,178,92,140,147,W.class/00089.jpg
00090.jpg,W,178,92,140,147,W.class/00090.jpg
00093.jpg,W,174,96,144,143,W.class/00093.jpg
00098.jpg,W,177,81,138,157,W.class/00098.jpg
00100.jpg,W,177,69,138,169,W.class/00100.jpg
00101.jpg,W,179,66,139,173,W.class/00101.jpg
00102.jpg,W,178,67,140,172,W.class/00102.jpg
00103.jpg,W,176,69,109,169,W.class/00103.jpg
00000.jpg,X,192,98,127,141,X.class/00000.jpg
00001.jpg,X,190,100,79,139,X.class/00001.jpg
00001.jpg,X,189,100,129,139,X.class/00001.jpg
00002.jpg,X,190,100,129,138,X.class/00002.jpg
00003.jpg,X,189,99,130,140,X.class/00003.jpg
00004.jpg,X,190,98,70,141,X.class/00004.jpg
00005.jpg,X,190,95,129,143,X.class/00005.jpg
00006.jpg,X,191,95,107,144,X.class/00006.jpg
00006.jpg,X,191,95,71,144,X.class/00006.jpg
00007.jpg,X,191,95,128,144,X.class/00007.jpg
00008.jpg,X,192,95,69,144,X.class/00008.jpg
00009.jpg,X,191,96,127,143,X.class/00009.jpg
00009.jpg,X,192,95,71,143,X.class/00009.jpg
00010.jpg,X,191,97,127,142,X.class/00010.jpg
00011.jpg,X,189,101,70,137,X.class/00011.jpg
00011.jpg,X,187,101,131,138,X.class/00011.jpg
00012.jpg,X,190,101,70,138,X.class/00012.jpg
00012.jpg,X,189,100,129,139,X.class/00012.jpg
00013.jpg,X,189,101,129,137,X.class/00013.jpg
00014.jpg,X,189,100,130,139,X.class/00014.jpg
00015.jpg,X,190,101,128,138,X.class/00015.jpg
00016.jpg,X,191,99,127,140,X.class/00016.jpg
00017.jpg,X,193,97,125,142,X.class/00017.jpg
00018.jpg,X,193,97,125,142,X.class/00018.jpg
00019.jpg,X,193,95,125,143,X.class/00019.jpg
00020.jpg,X,194,96,71,143,X.class/00020.jpg
00020.jpg,X,193,96,126,143,X.class/00020.jpg
00021.jpg,X,191,98,127,141,X.class/00021.jpg
00022.jpg,X,191,100,128,139,X.class/00022.jpg
00023.jpg,X,191,100,127,139,X.class/00023.jpg
00024.jpg,X,192,100,72,139,X.class/00024.jpg
00025.jpg,X,190,100,128,138,X.class/00025.jpg
00026.jpg,X,191,99,127,140,X.class/00026.jpg
00026.jpg,X,192,99,73,140,X.class/00026.jpg
00027.jpg,X,199,89,119,150,X.class/00027.jpg
00028.jpg,X,202,89,70,150,X.class/00028.jpg
00029.jpg,X,203,92,116,146,X.class/00029.jpg
00030.jpg,X,204,93,115,146,X.class/00030.jpg
00031.jpg,X,202,92,117,147,X.class/00031.jpg
00032.jpg,X,202,90,116,149,X.class/00032.jpg
00033.jpg,X,204,90,115,149,X.class/00033.jpg
00034.jpg,X,203,88,116,151,X.class/00034.jpg
00034.jpg,X,203,90,72,149,X.class/00034.jpg
00035.jpg,X,202,89,72,149,X.class/00035.jpg
00036.jpg,X,201,90,71,149,X.class/00036.jpg
00037.jpg,X,198,90,72,149,X.class/00037.jpg
00038.jpg,X,194,90,72,149,X.class/00038.jpg
00039.jpg,X,183,84,76,154,X.class/00039.jpg
00040.jpg,X,179,82,76,157,X.class/00040.jpg
00041.jpg,X,163,76,90,163,X.class/00041.jpg
00042.jpg,X,162,73,92,166,X.class/00042.jpg
00043.jpg,X,163,67,90,172,X.class/00043.jpg
00044.jpg,X,164,52,90,187,X.class/00044.jpg
00045.jpg,X,169,44,87,195,X.class/00045.jpg
00046.jpg,X,170,44,87,194,X.class/00046.jpg
00047.jpg,X,168,47,88,192,X.class/00047.jpg
00047.jpg,X,167,45,151,194,X.class/00047.jpg
00048.jpg,X,164,50,92,189,X.class/00048.jpg
00049.jpg,X,154,52,100,187,X.class/00049.jpg
00050.jpg,X,149,53,102,186,X.class/00050.jpg
00051.jpg,X,146,53,105,186,X.class/00051.jpg
00052.jpg,X,142,56,104,183,X.class/00052.jpg
00053.jpg,X,135,59,109,179,X.class/00053.jpg
00054.jpg,X,138,60,109,179,X.class/00054.jpg
00055.jpg,X,141,60,108,179,X.class/00055.jpg
00056.jpg,X,142,60,96,179,X.class/00056.jpg
00057.jpg,X,147,56,107,182,X.class/00057.jpg
00058.jpg,X,148,58,106,180,X.class/00058.jpg
00059.jpg,X,149,58,106,180,X.class/00059.jpg
00060.jpg,X,149,58,105,180,X.class/00060.jpg
00061.jpg,X,150,59,105,180,X.class/00061.jpg
00062.jpg,X,151,59,103,179,X.class/00062.jpg
00063.jpg,X,152,59,103,180,X.class/00063.jpg
00064.jpg,X,153,59,102,180,X.class/00064.jpg
00065.jpg,X,154,56,101,182,X.class/00065.jpg
00066.jpg,X,156,58,99,180,X.class/00066.jpg
00067.jpg,X,156,61,99,178,X.class/00067.jpg
00068.jpg,X,156,59,98,180,X.class/00068.jpg
00069.jpg,X,155,63,99,175,X.class/00069.jpg
00070.jpg,X,153,63,101,176,X.class/00070.jpg
00071.jpg,X,155,63,98,176,X.class/00071.jpg
00072.jpg,X,158,65,96,174,X.class/00072.jpg
00073.jpg,X,160,64,95,175,X.class/00073.jpg
00074.jpg,X,160,65,92,174,X.class/00074.jpg
00075.jpg,X,160,69,94,170,X.class/00075.jpg
00076.jpg,X,162,66,152,173,X.class/00076.jpg
00077.jpg,X,163,66,90,173,X.class/00077.jpg
00078.jpg,X,162,64,124,175,X.class/00078.jpg
00079.jpg,X,162,64,92,175,X.class/00079.jpg
00081.jpg,X,160,65,95,174,X.class/00081.jpg
00082.jpg,X,162,65,157,173,X.class/00082.jpg
00083.jpg,X,165,62,154,176,X.class/00083.jpg
00084.jpg,X,168,60,88,178,X.class/00084.jpg
00085.jpg,X,168,57,86,182,X.class/00085.jpg
00086.jpg,X,168,55,88,184,X.class/00086.jpg
00087.jpg,X,170,51,89,187,X.class/00087.jpg
00088.jpg,X,169,53,89,186,X.class/00088.jpg
00089.jpg,X,169,56,111,182,X.class/00089.jpg
00090.jpg,X,166,64,89,174,X.class/00090.jpg
00090.jpg,X,165,62,153,176,X.class/00090.jpg
00091.jpg,X,166,64,89,175,X.class/00091.jpg
00092.jpg,X,166,66,90,172,X.class/00092.jpg
00093.jpg,X,164,70,90,169,X.class/00093.jpg
00093.jpg,X,164,69,154,169,X.class/00093.jpg
00094.jpg,X,164,70,90,169,X.class/00094.jpg
00095.jpg,X,166,70,89,169,X.class/00095.jpg
00096.jpg,X,166,69,89,169,X.class/00096.jpg
00097.jpg,X,166,70,88,169,X.class/00097.jpg
00097.jpg,X,167,69,151,169,X.class/00097.jpg
00098.jpg,X,167,71,91,168,X.class/00098.jpg
00098.jpg,X,168,71,142,168,X.class/00098.jpg
00099.jpg,X,165,68,87,171,X.class/00099.jpg
00099.jpg,X,165,68,154,170,X.class/00099.jpg
00100.jpg,X,164,68,89,171,X.class/00100.jpg
00101.jpg,X,165,67,87,171,X.class/00101.jpg
00102.jpg,X,167,68,86,171,X.class/00102.jpg
00103.jpg,X,166,69,87,170,X.class/00103.jpg
00104.jpg,X,169,68,86,171,X.class/00104.jpg
00104.jpg,X,169,65,149,173,X.class/00104.jpg
00105.jpg,X,170,71,89,168,X.class/00105.jpg
